site,MAT_C,species,litter_type,topmesh_mm,years_deployed,afdm_remain_per
KBS,9.3,ACSA,litter,1,0,100
KBS,9.3,ACSA,litter,1,0.88,57.58
KBS,9.3,ACSA,litter,1,1.88,39.69
KBS,9.3,ACSA,litter,1,2.92,33.05
KBS,9.3,ACSA,litter,1,3.93,16.24
KBS,9.3,ACSA,litter,1,4.98,30.48
KBS,9.3,ACSA,litter,1,5.95,26.39
KBS,9.3,ACSA,litter,1,6.92,8.34
KBS,9.3,ACSA,litter,1,7.91,7.29
KBS,9.3,ACSA,litter,7,0,100
KBS,9.3,ACSA,litter,7,0.88,51.96
KBS,9.3,ACSA,litter,7,1.88,51.96
KBS,9.3,AMBR,litter,1,0,100
KBS,9.3,AMBR,litter,1,4.98,54.75
KBS,9.3,ANGE,root,0.1,0,100
KBS,9.3,ANGE,root,0.1,0.88,36.82
KBS,9.3,ANGE,root,0.1,1.88,19.73
KBS,9.3,ANGE,root,0.1,2.92,29.33
KBS,9.3,ANGE,root,0.1,3.93,31.5
KBS,9.3,ANGE,root,0.1,4.98,21.58
KBS,9.3,ANGE,root,0.1,5.95,16.01
KBS,9.3,ANGE,root,0.1,6.92,9.9
KBS,9.3,ANGE,root,0.1,7.91,5.51
KBS,9.3,ANSC,litter,1,0,100
KBS,9.3,ANSC,litter,1,5.95,16.76
KBS,9.3,BELU,litter,1,0,100
KBS,9.3,BELU,litter,1,6.92,16.91
KBS,9.3,CEGR,litter,1,0,100
KBS,9.3,CEGR,litter,1,7.91,13.2
KBS,9.3,DRGL,root,0.1,0,100
KBS,9.3,DRGL,root,0.1,0.88,60.63
KBS,9.3,DRGL,root,0.1,1.88,51.59
KBS,9.3,DRGL,root,0.1,2.92,37.66
KBS,9.3,DRGL,root,0.1,3.93,41.13
KBS,9.3,DRGL,root,0.1,4.98,52.81
KBS,9.3,DRGL,root,0.1,5.95,31.62
KBS,9.3,DRGL,root,0.1,6.92,23.36
KBS,9.3,DRGL,root,0.1,7.91,29.3
KBS,9.3,DRGL,root,0.1,8.91,37.41
KBS,9.3,DRGL,litter,1,0,100
KBS,9.3,DRGL,litter,1,0.88,45.16
KBS,9.3,DRGL,litter,1,1.88,48.51
KBS,9.3,DRGL,litter,1,2.92,17.72
KBS,9.3,DRGL,litter,1,3.93,4.35
KBS,9.3,DRGL,litter,1,4.98,1.11
KBS,9.3,DRGL,litter,1,5.95,12.18
KBS,9.3,DRGL,litter,1,6.92,5.19
KBS,9.3,PIEL,root,0.1,0,100
KBS,9.3,PIEL,root,0.1,0.88,57.82
KBS,9.3,PIEL,root,0.1,1.88,76.66
KBS,9.3,PIEL,root,0.1,2.92,68.55
KBS,9.3,PIEL,root,0.1,3.93,54.44
KBS,9.3,PIEL,root,0.1,4.98,62
KBS,9.3,PIEL,root,0.1,5.95,41.37
KBS,9.3,PIEL,root,0.1,6.92,29.07
KBS,9.3,PIEL,root,0.1,7.91,25.91
KBS,9.3,PIEL,litter,1,0,100
KBS,9.3,PIEL,litter,1,1.88,78.98
KBS,9.3,PIEL,litter,1,3.93,87.58
KBS,9.3,PIRE,litter,1,0,100
KBS,9.3,PIRE,litter,1,0.88,75.37
KBS,9.3,PIRE,litter,1,1.88,69.26
KBS,9.3,PIRE,litter,1,2.92,65.54
KBS,9.3,PIRE,litter,1,3.93,57.66
KBS,9.3,PIRE,litter,1,5.95,60.92
KBS,9.3,PIRE,litter,1,6.92,57.57
KBS,9.3,PIRE,litter,1,7.91,44.63
KBS,9.3,QUPR,litter,1,0,100
KBS,9.3,QUPR,litter,1,0.88,69.87
KBS,9.3,QUPR,litter,1,1.88,59.81
KBS,9.3,QUPR,litter,1,2.92,55.26
KBS,9.3,QUPR,litter,1,3.93,35.04
KBS,9.3,QUPR,litter,1,5.95,35.11
KBS,9.3,QUPR,litter,1,6.92,24.28
KBS,9.3,QUPR,litter,1,7.91,9.03
KBS,9.3,RHMA,litter,1,0,100
KBS,9.3,RHMA,litter,1,0.88,82.4
KBS,9.3,RHMA,litter,1,1.88,24.37
KBS,9.3,RHMA,litter,1,2.92,41.32
KBS,9.3,RHMA,litter,7,0,100
KBS,9.3,RHMA,litter,7,0.88,77.42
KBS,9.3,RHMA,litter,7,1.88,16.52
KBS,9.3,SPAL,litter,1,0,100
KBS,9.3,SPAL,litter,1,0.88,60.72
KBS,9.3,THPL,litter,1,0,100
KBS,9.3,THPL,litter,1,0.88,75.63
KBS,9.3,THPL,litter,1,1.88,69.81
KBS,9.3,THPL,litter,1,2.92,65.13
KBS,9.3,THPL,litter,1,3.93,48.91
KBS,9.3,THPL,litter,1,4.98,62.72
KBS,9.3,THPL,litter,1,5.95,31.35
KBS,9.3,THPL,litter,1,6.92,30.16
KBS,9.3,THPL,litter,1,7.91,30.61
KBS,9.3,TRAE,litter,1,0,100
KBS,9.3,TRAE,litter,1,0.88,60.98
KBS,9.3,TRAE,litter,1,1.88,45.11
KBS,9.3,TRAE,litter,1,2.92,28.67
KBS,9.3,TRAE,litter,1,3.93,4.81
KBS,9.3,TRAE,litter,1,4.98,38.21
KBS,9.3,TRAE,litter,1,5.95,10
KBS,9.3,TRAE,litter,1,6.92,2.64
KBS,9.3,TRAE,litter,7,0,100
KBS,9.3,TRAE,litter,7,0.88,45.82
KBS,9.3,TRAE,litter,7,1.88,24.24
NWT,-3.7,ACSA,litter,1,0,100
NWT,-3.7,ACSA,litter,1,0.9,77.44
NWT,-3.7,ACSA,litter,1,1.87,62.61
NWT,-3.7,ACSA,litter,1,2.9,58.85
NWT,-3.7,ACSA,litter,1,3.88,60.86
NWT,-3.7,ACSA,litter,1,4.94,54.46
NWT,-3.7,ACSA,litter,1,5.91,53.55
NWT,-3.7,ACSA,litter,1,6.9,44.02
NWT,-3.7,ACSA,litter,1,7.87,46.11
NWT,-3.7,ACSA,litter,1,7.87,36.06
NWT,-3.7,ANGE,root,0.1,0,100
NWT,-3.7,ANGE,root,0.1,0.9,70.61
NWT,-3.7,ANGE,root,0.1,1.87,65.3
NWT,-3.7,ANGE,root,0.1,2.9,73.54
NWT,-3.7,ANGE,root,0.1,3.88,46.68
NWT,-3.7,ANGE,root,0.1,4.94,60.43
NWT,-3.7,ANGE,root,0.1,5.91,40.49
NWT,-3.7,ANGE,root,0.1,6.9,51.3
NWT,-3.7,ANGE,root,0.1,7.87,44.18
NWT,-3.7,ANGE,root,0.1,7.87,46.89
NWT,-3.7,ANGE,litter,1,0,100
NWT,-3.7,ANGE,litter,1,0.9,87.39
NWT,-3.7,BELU,litter,1,0,100
NWT,-3.7,BELU,litter,1,7.87,67.96
NWT,-3.7,BOER,litter,1,0,100
NWT,-3.7,BOER,litter,1,1.87,68.81
NWT,-3.7,DRGL,root,0.1,0,100
NWT,-3.7,DRGL,root,0.1,0.9,82.59
NWT,-3.7,DRGL,root,0.1,1.87,73.32
NWT,-3.7,DRGL,root,0.1,2.9,68
NWT,-3.7,DRGL,root,0.1,3.88,68.25
NWT,-3.7,DRGL,root,0.1,4.94,65.87
NWT,-3.7,DRGL,root,0.1,5.91,62.92
NWT,-3.7,DRGL,root,0.1,6.9,61.21
NWT,-3.7,DRGL,root,0.1,7.87,59.4
NWT,-3.7,DRGL,root,0.1,7.87,39.44
NWT,-3.7,DRGL,litter,1,0,100
NWT,-3.7,DRGL,litter,1,0.9,77.26
NWT,-3.7,DRGL,litter,1,1.87,57.99
NWT,-3.7,DRGL,litter,1,2.9,55.87
NWT,-3.7,DRGL,litter,1,3.88,54.32
NWT,-3.7,DRGL,litter,1,4.94,49.86
NWT,-3.7,DRGL,litter,1,5.91,43.76
NWT,-3.7,DRGL,litter,1,6.9,45.08
NWT,-3.7,DRGL,litter,1,7.87,35.23
NWT,-3.7,DRGL,litter,1,7.87,37.59
NWT,-3.7,FAGR,litter,1,0,100
NWT,-3.7,FAGR,litter,1,2.9,49.84
NWT,-3.7,PIEL,root,0.1,0,100
NWT,-3.7,PIEL,root,0.1,0.9,86.92
NWT,-3.7,PIEL,root,0.1,1.87,78.19
NWT,-3.7,PIEL,root,0.1,2.9,86.44
NWT,-3.7,PIEL,root,0.1,3.88,81.16
NWT,-3.7,PIEL,root,0.1,4.94,83.95
NWT,-3.7,PIEL,root,0.1,5.91,78.39
NWT,-3.7,PIEL,root,0.1,6.9,80.02
NWT,-3.7,PIEL,root,0.1,7.87,75.36
NWT,-3.7,PIEL,root,0.1,7.87,70.52
NWT,-3.7,PIRE,litter,1,0,100
NWT,-3.7,PIRE,litter,1,0.9,93.55
NWT,-3.7,PIRE,litter,1,1.87,90.09
NWT,-3.7,PIRE,litter,1,2.9,84.02
NWT,-3.7,PIRE,litter,1,3.88,81.73
NWT,-3.7,PIRE,litter,1,4.94,80.45
NWT,-3.7,PIRE,litter,1,5.91,69.59
NWT,-3.7,PIRE,litter,1,6.9,77.27
NWT,-3.7,PIRE,litter,1,7.87,80.88
NWT,-3.7,PIRE,litter,1,7.87,56.39
NWT,-3.7,PIST,litter,1,0,100
NWT,-3.7,PIST,litter,1,5.91,61.51
NWT,-3.7,QUPR,litter,1,0,100
NWT,-3.7,QUPR,litter,1,0.9,78.38
NWT,-3.7,QUPR,litter,1,1.87,70.88
NWT,-3.7,QUPR,litter,1,2.9,67.6
NWT,-3.7,QUPR,litter,1,3.88,68.87
NWT,-3.7,QUPR,litter,1,4.94,60.57
NWT,-3.7,QUPR,litter,1,5.91,55.01
NWT,-3.7,QUPR,litter,1,6.9,68.99
NWT,-3.7,QUPR,litter,1,7.87,47.89
NWT,-3.7,SPAL,litter,1,0,100
NWT,-3.7,SPAL,litter,1,3.88,68.4
NWT,-3.7,SPAL,litter,1,4.94,50.88
NWT,-3.7,SPAL,litter,1,7.87,46.42
NWT,-3.7,THPL,litter,1,0,100
NWT,-3.7,THPL,litter,1,0.9,90.41
NWT,-3.7,THPL,litter,1,1.87,84.11
NWT,-3.7,THPL,litter,1,2.9,78.97
NWT,-3.7,THPL,litter,1,3.88,81.39
NWT,-3.7,THPL,litter,1,4.94,70.4
NWT,-3.7,THPL,litter,1,5.91,61.58
NWT,-3.7,THPL,litter,1,6.9,77.28
NWT,-3.7,THPL,litter,1,7.87,69.88
NWT,-3.7,TRAE,litter,1,0,100
NWT,-3.7,TRAE,litter,1,0.9,87.92
NWT,-3.7,TRAE,litter,1,1.87,74.66
NWT,-3.7,TRAE,litter,1,2.9,70.46
NWT,-3.7,TRAE,litter,1,3.88,64.9
NWT,-3.7,TRAE,litter,1,4.94,60.77
NWT,-3.7,TRAE,litter,1,5.91,44.18
NWT,-3.7,TRAE,litter,1,6.9,59.39
NWT,-3.7,TRAE,litter,1,7.87,44.86
NWT,-3.7,TRAE,litter,1,7.87,43.9
ARC,-7,ACSA,litter,1,0,100
ARC,-7,ACSA,litter,1,0.97,72.41
ARC,-7,ACSA,litter,1,2.02,65.33
ARC,-7,ACSA,litter,1,3,60.93
ARC,-7,ACSA,litter,1,3.99,53.41
ARC,-7,ACSA,litter,1,4.99,46.28
ARC,-7,ACSA,litter,1,6,41.84
ARC,-7,ACSA,litter,1,6.99,40.59
ARC,-7,ACSA,litter,1,7.99,34.32
ARC,-7,ACSA,litter,1,9.01,28.32
ARC,-7,ACSA,litter,1,10,32.33
ARC,-7,ACSA,litter,7,0,100
ARC,-7,ACSA,litter,7,0.97,81.99
ARC,-7,ACSA,litter,7,2.02,68
ARC,-7,ANGE,root,0.1,0,100
ARC,-7,ANGE,root,0.1,0.97,86.1
ARC,-7,ANGE,root,0.1,2.02,82.55
ARC,-7,ANGE,root,0.1,3,78.16
ARC,-7,ANGE,root,0.1,3.99,79.97
ARC,-7,ANGE,root,0.1,4.99,68.56
ARC,-7,ANGE,root,0.1,6,72.36
ARC,-7,ANGE,root,0.1,6.99,60.04
ARC,-7,ANGE,root,0.1,7.99,66.3
ARC,-7,ANGE,root,0.1,9.01,56.62
ARC,-7,ANGE,root,0.1,10,50.03
ARC,-7,ANGE,litter,1,0,100
ARC,-7,ANGE,litter,1,9.01,49.66
ARC,-7,BOER,litter,1,0,100
ARC,-7,BOER,litter,1,3.99,69.57
ARC,-7,BOGR,litter,1,0,100
ARC,-7,BOGR,litter,1,3,58
ARC,-7,DRGL,root,0.1,0,100
ARC,-7,DRGL,root,0.1,0.97,78.04
ARC,-7,DRGL,root,0.1,2.02,74.82
ARC,-7,DRGL,root,0.1,3,70.48
ARC,-7,DRGL,root,0.1,3.99,70.07
ARC,-7,DRGL,root,0.1,4.99,71.48
ARC,-7,DRGL,root,0.1,6,69.66
ARC,-7,DRGL,root,0.1,6.99,65.76
ARC,-7,DRGL,root,0.1,7.99,63.92
ARC,-7,DRGL,root,0.1,9.01,64.42
ARC,-7,DRGL,root,0.1,10,64.82
ARC,-7,DRGL,litter,1,0,100
ARC,-7,DRGL,litter,1,0.97,68.32
ARC,-7,DRGL,litter,1,2.02,57.79
ARC,-7,DRGL,litter,1,3,51.76
ARC,-7,DRGL,litter,1,3.99,49.72
ARC,-7,DRGL,litter,1,4.99,42.71
ARC,-7,DRGL,litter,1,6,36.21
ARC,-7,DRGL,litter,1,6.99,34.84
ARC,-7,DRGL,litter,1,7.99,33.31
ARC,-7,DRGL,litter,1,9.01,30.53
ARC,-7,DRGL,litter,1,10,36.47
ARC,-7,FAGR,litter,1,0,100
ARC,-7,FAGR,litter,1,6,54.24
ARC,-7,FAGR,litter,1,7.99,45
ARC,-7,LATR,litter,1,0,100
ARC,-7,LATR,litter,1,0.97,56.38
ARC,-7,PIEL,root,0.1,0,100
ARC,-7,PIEL,root,0.1,0.97,90.31
ARC,-7,PIEL,root,0.1,2.02,88.92
ARC,-7,PIEL,root,0.1,3,82.16
ARC,-7,PIEL,root,0.1,3.99,86.86
ARC,-7,PIEL,root,0.1,4.99,86.66
ARC,-7,PIEL,root,0.1,6,80.45
ARC,-7,PIEL,root,0.1,6.99,76.61
ARC,-7,PIEL,root,0.1,7.99,77.63
ARC,-7,PIEL,root,0.1,9.01,83.71
ARC,-7,PIEL,root,0.1,10,79.71
ARC,-7,PIEL,litter,1,0,100
ARC,-7,PIEL,litter,1,10,68.48
ARC,-7,PIRE,litter,1,0,100
ARC,-7,PIRE,litter,1,0.97,89.82
ARC,-7,PIRE,litter,1,2.02,81.66
ARC,-7,PIRE,litter,1,3,81.44
ARC,-7,PIRE,litter,1,3.99,73.97
ARC,-7,PIRE,litter,1,4.99,73.27
ARC,-7,PIRE,litter,1,6,67.8
ARC,-7,PIRE,litter,1,6.99,64.21
ARC,-7,PIRE,litter,1,7.99,60.26
ARC,-7,PIRE,litter,1,9.01,55.68
ARC,-7,PIRE,litter,1,10,59.17
ARC,-7,PIST,litter,1,0,100
ARC,-7,PIST,litter,1,4.99,55.12
ARC,-7,PSME,litter,1,0,100
ARC,-7,PSME,litter,1,6,63.91
ARC,-7,PSME,litter,1,6.99,47.27
ARC,-7,PSME,litter,1,7.99,39.99
ARC,-7,QUPR,litter,1,0,100
ARC,-7,QUPR,litter,1,0.97,89.65
ARC,-7,QUPR,litter,1,2.02,78.14
ARC,-7,QUPR,litter,1,3,66.97
ARC,-7,QUPR,litter,1,3.99,63.72
ARC,-7,QUPR,litter,1,4.99,50.71
ARC,-7,QUPR,litter,1,6,50.84
ARC,-7,QUPR,litter,1,6.99,37.17
ARC,-7,QUPR,litter,1,7.99,40.12
ARC,-7,QUPR,litter,1,9.01,41.07
ARC,-7,QUPR,litter,1,10,36.11
ARC,-7,RHMA,litter,1,0,100
ARC,-7,RHMA,litter,1,0.97,87.82
ARC,-7,RHMA,litter,1,2.02,81.07
ARC,-7,RHMA,litter,7,0,100
ARC,-7,RHMA,litter,7,0.97,90.12
ARC,-7,RHMA,litter,7,2.02,81.33
ARC,-7,SPAL,litter,1,0,100
ARC,-7,SPAL,litter,1,2.02,67.49
ARC,-7,THPL,litter,1,0,100
ARC,-7,THPL,litter,1,0.97,86.48
ARC,-7,THPL,litter,1,2.02,79.3
ARC,-7,THPL,litter,1,3,73.82
ARC,-7,THPL,litter,1,3.99,73.66
ARC,-7,THPL,litter,1,4.99,63.41
ARC,-7,THPL,litter,1,6,58.57
ARC,-7,THPL,litter,1,6.99,59.11
ARC,-7,THPL,litter,1,7.99,53.75
ARC,-7,THPL,litter,1,9.01,49.33
ARC,-7,THPL,litter,1,10,45.89
ARC,-7,TRAE,litter,1,0,100
ARC,-7,TRAE,litter,1,0.97,79.91
ARC,-7,TRAE,litter,1,2.02,76.8
ARC,-7,TRAE,litter,1,3,67.44
ARC,-7,TRAE,litter,1,3.99,68.06
ARC,-7,TRAE,litter,1,4.99,65.36
ARC,-7,TRAE,litter,1,6,65.75
ARC,-7,TRAE,litter,1,6.99,58.71
ARC,-7,TRAE,litter,1,7.99,56.64
ARC,-7,TRAE,litter,1,9.01,50.23
ARC,-7,TRAE,litter,1,10,46
ARC,-7,TRAE,litter,7,0,100
ARC,-7,TRAE,litter,7,0.97,87.21
ARC,-7,TRAE,litter,7,2.02,77.74
BNZ,-3.6,ACSA,litter,1,0,100
BNZ,-3.6,ACSA,litter,1,1.02,83.92
BNZ,-3.6,ACSA,litter,1,2.03,75.38
BNZ,-3.6,ACSA,litter,1,3,71.28
BNZ,-3.6,ACSA,litter,1,3.98,75.34
BNZ,-3.6,ACSA,litter,1,5,58.69
BNZ,-3.6,ACSA,litter,1,6,52.95
BNZ,-3.6,ACSA,litter,1,7,44.84
BNZ,-3.6,ACSA,litter,1,8,50.73
BNZ,-3.6,ACSA,litter,1,9,45.86
BNZ,-3.6,ACSA,litter,1,10.01,30.87
BNZ,-3.6,AMBR,litter,1,0,100
BNZ,-3.6,AMBR,litter,1,2.03,70.7
BNZ,-3.6,AMBR,litter,1,8,48.54
BNZ,-3.6,ANGE,root,0.1,0,100
BNZ,-3.6,ANGE,root,0.1,1.02,81.31
BNZ,-3.6,ANGE,root,0.1,2.03,64.91
BNZ,-3.6,ANGE,root,0.1,3,64.87
BNZ,-3.6,ANGE,root,0.1,3.98,54.5
BNZ,-3.6,ANGE,root,0.1,5,58.96
BNZ,-3.6,ANGE,root,0.1,6,48.92
BNZ,-3.6,ANGE,root,0.1,7,39.24
BNZ,-3.6,ANGE,root,0.1,8,41.39
BNZ,-3.6,ANGE,root,0.1,9,37.7
BNZ,-3.6,ANGE,root,0.1,10.01,35.92
BNZ,-3.6,ANSC,litter,1,0,100
BNZ,-3.6,ANSC,litter,1,1.02,87.28
BNZ,-3.6,BOER,litter,1,0,100
BNZ,-3.6,BOER,litter,1,6,54.99
BNZ,-3.6,DRGL,root,0.1,0,100
BNZ,-3.6,DRGL,root,0.1,1.02,79.41
BNZ,-3.6,DRGL,root,0.1,2.03,75.91
BNZ,-3.6,DRGL,root,0.1,3,68.53
BNZ,-3.6,DRGL,root,0.1,3.98,64.85
BNZ,-3.6,DRGL,root,0.1,5,52.52
BNZ,-3.6,DRGL,root,0.1,6,47.81
BNZ,-3.6,DRGL,root,0.1,7,57.05
BNZ,-3.6,DRGL,root,0.1,8,44.48
BNZ,-3.6,DRGL,root,0.1,9,47.53
BNZ,-3.6,DRGL,root,0.1,10.01,44.91
BNZ,-3.6,DRGL,litter,1,0,100
BNZ,-3.6,DRGL,litter,1,1.02,73.93
BNZ,-3.6,DRGL,litter,1,2.03,63.75
BNZ,-3.6,DRGL,litter,1,3,61.67
BNZ,-3.6,DRGL,litter,1,3.98,62.57
BNZ,-3.6,DRGL,litter,1,5,49.22
BNZ,-3.6,DRGL,litter,1,6,47.4
BNZ,-3.6,DRGL,litter,1,7,38.49
BNZ,-3.6,DRGL,litter,1,8,43.58
BNZ,-3.6,DRGL,litter,1,9,30.22
BNZ,-3.6,DRGL,litter,1,10.01,32.62
BNZ,-3.6,KOMY,litter,1,0,100
BNZ,-3.6,KOMY,litter,1,7,29
BNZ,-3.6,LITU,litter,1,0,100
BNZ,-3.6,LITU,litter,1,3,69.83
BNZ,-3.6,PIEL,root,0.1,0,100
BNZ,-3.6,PIEL,root,0.1,1.02,85.28
BNZ,-3.6,PIEL,root,0.1,2.03,83.66
BNZ,-3.6,PIEL,root,0.1,3,77.43
BNZ,-3.6,PIEL,root,0.1,3.98,77.19
BNZ,-3.6,PIEL,root,0.1,5,76
BNZ,-3.6,PIEL,root,0.1,6,67.62
BNZ,-3.6,PIEL,root,0.1,7,68.2
BNZ,-3.6,PIEL,root,0.1,8,61.65
BNZ,-3.6,PIEL,root,0.1,9,62.68
BNZ,-3.6,PIEL,root,0.1,10.01,65.09
BNZ,-3.6,PIEL,litter,1,0,100
BNZ,-3.6,PIEL,litter,1,5,73.95
BNZ,-3.6,PIRE,litter,1,0,100
BNZ,-3.6,PIRE,litter,1,1.02,85.77
BNZ,-3.6,PIRE,litter,1,2.03,86.82
BNZ,-3.6,PIRE,litter,1,3,83.7
BNZ,-3.6,PIRE,litter,1,3.98,80.37
BNZ,-3.6,PIRE,litter,1,5,78.12
BNZ,-3.6,PIRE,litter,1,6,65.77
BNZ,-3.6,PIRE,litter,1,7,55
BNZ,-3.6,PIRE,litter,1,8,49.68
BNZ,-3.6,PIRE,litter,1,9,48.36
BNZ,-3.6,PIRE,litter,1,10.01,47.71
BNZ,-3.6,POTR,litter,1,0,100
BNZ,-3.6,POTR,litter,1,9,45.46
BNZ,-3.6,QUPR,litter,1,0,100
BNZ,-3.6,QUPR,litter,1,1.02,85.43
BNZ,-3.6,QUPR,litter,1,2.03,78.22
BNZ,-3.6,QUPR,litter,1,3,66.05
BNZ,-3.6,QUPR,litter,1,3.98,62.33
BNZ,-3.6,QUPR,litter,1,5,52.66
BNZ,-3.6,QUPR,litter,1,6,48.91
BNZ,-3.6,QUPR,litter,1,7,41.02
BNZ,-3.6,QUPR,litter,1,8,47.62
BNZ,-3.6,QUPR,litter,1,9,36.06
BNZ,-3.6,QUPR,litter,1,10.01,34.23
BNZ,-3.6,SPAL,litter,1,0,100
BNZ,-3.6,SPAL,litter,1,3.98,31.08
BNZ,-3.6,THPL,litter,1,0,100
BNZ,-3.6,THPL,litter,1,1.02,89.82
BNZ,-3.6,THPL,litter,1,2.03,81.63
BNZ,-3.6,THPL,litter,1,3,82.72
BNZ,-3.6,THPL,litter,1,3.98,78.33
BNZ,-3.6,THPL,litter,1,5,68.87
BNZ,-3.6,THPL,litter,1,6,65.94
BNZ,-3.6,THPL,litter,1,7,63.2
BNZ,-3.6,THPL,litter,1,8,56.79
BNZ,-3.6,THPL,litter,1,9,48.66
BNZ,-3.6,THPL,litter,1,10.01,45.24
BNZ,-3.6,TRAE,litter,1,0,100
BNZ,-3.6,TRAE,litter,1,1.02,85.89
BNZ,-3.6,TRAE,litter,1,2.03,78.01
BNZ,-3.6,TRAE,litter,1,3,70.85
BNZ,-3.6,TRAE,litter,1,3.98,67.71
BNZ,-3.6,TRAE,litter,1,5,49.82
BNZ,-3.6,TRAE,litter,1,6,55.1
BNZ,-3.6,TRAE,litter,1,7,40.41
BNZ,-3.6,TRAE,litter,1,8,39.57
BNZ,-3.6,TRAE,litter,1,9,32.04
BNZ,-3.6,TRAE,litter,1,10.01,27.09
BNZ,-3.6,VOFE,litter,1,0,100
BNZ,-3.6,VOFE,litter,1,10.01,86.97
JUN,4.4,ACSA,litter,1,0,100
JUN,4.4,ACSA,litter,1,1.43,56.81
JUN,4.4,ACSA,litter,1,1.86,47.94
JUN,4.4,ACSA,litter,1,2.96,44.66
JUN,4.4,ACSA,litter,1,5.05,30.59
JUN,4.4,ANGE,root,0.1,0,100
JUN,4.4,ANGE,root,0.1,1.43,166.92
JUN,4.4,ANGE,root,0.1,1.86,54.67
JUN,4.4,ANGE,root,0.1,2.96,48.65
JUN,4.4,ANGE,root,0.1,5.05,27.44
JUN,4.4,ANGE,litter,1,0,100
JUN,4.4,ANGE,litter,1,5.05,33.69
JUN,4.4,DRGL,root,0.1,0,100
JUN,4.4,DRGL,root,0.1,1.43,72.85
JUN,4.4,DRGL,root,0.1,1.86,60.24
JUN,4.4,DRGL,root,0.1,2.96,53.72
JUN,4.4,DRGL,root,0.1,5.05,46.26
JUN,4.4,DRGL,litter,1,0,100
JUN,4.4,DRGL,litter,1,1.43,47.59
JUN,4.4,DRGL,litter,1,1.86,37.49
JUN,4.4,DRGL,litter,1,2.96,29.84
JUN,4.4,DRGL,litter,1,5.05,18.14
JUN,4.4,MYCE,litter,1,0,100
JUN,4.4,MYCE,litter,1,2.96,36.15
JUN,4.4,PIEL,litter,1,0,100
JUN,4.4,PIEL,root,1,0,100
JUN,4.4,PIEL,litter,1,1.43,87.07
JUN,4.4,PIEL,root,1,1.43,84.37
JUN,4.4,PIEL,litter,1,1.86,74.79
JUN,4.4,PIEL,root,1,1.86,77.06
JUN,4.4,PIEL,litter,1,2.96,51.78
JUN,4.4,PIEL,root,1,2.96,70.47
JUN,4.4,PIEL,litter,1,5.05,40.46
JUN,4.4,PIEL,root,1,5.05,60.56
JUN,4.4,QUPR,litter,1,0,100
JUN,4.4,QUPR,litter,1,1.43,53.23
JUN,4.4,QUPR,litter,1,1.86,36.13
JUN,4.4,QUPR,litter,1,2.96,33.92
JUN,4.4,QUPR,litter,1,5.05,28.17
JUN,4.4,RHMA,litter,1,0,100
JUN,4.4,RHMA,litter,1,1.43,61.82
JUN,4.4,SPAL,litter,1,0,100
JUN,4.4,SPAL,litter,1,1.86,54.24
JUN,4.4,THPL,litter,1,0,100
JUN,4.4,THPL,litter,1,1.43,70.05
JUN,4.4,THPL,litter,1,1.86,59.17
JUN,4.4,THPL,litter,1,2.96,62.41
JUN,4.4,THPL,litter,1,5.05,43.41
JUN,4.4,TRAE,litter,1,0,100
JUN,4.4,TRAE,litter,1,1.43,76.03
JUN,4.4,TRAE,litter,1,1.86,67.54
JUN,4.4,TRAE,litter,1,2.96,47.91
JUN,4.4,TRAE,litter,1,5.05,30.79
LVW,2.4,ACSA,litter,1,0,100
LVW,2.4,ACSA,litter,1,0.88,71.65
LVW,2.4,ACSA,litter,1,1.9,70.01
LVW,2.4,ACSA,litter,1,3,63.78
LVW,2.4,ACSA,litter,1,3.89,57.35
LVW,2.4,ACSA,litter,1,4.89,60.79
LVW,2.4,ACSA,litter,1,5.9,62.93
LVW,2.4,ACSA,litter,1,6.87,61.76
LVW,2.4,ACSA,litter,1,7.88,52.36
LVW,2.4,ACSA,litter,1,8.87,60.15
LVW,2.4,ACSA,litter,1,9.88,52.1
LVW,2.4,ANGE,root,0.1,0,100
LVW,2.4,ANGE,root,0.1,0.88,79.32
LVW,2.4,ANGE,root,0.1,1.9,73.66
LVW,2.4,ANGE,root,0.1,3,62.35
LVW,2.4,ANGE,root,0.1,3.89,52.37
LVW,2.4,ANGE,root,0.1,4.89,49.3
LVW,2.4,ANGE,root,0.1,5.9,44.67
LVW,2.4,ANGE,root,0.1,6.87,44.28
LVW,2.4,ANGE,root,0.1,7.88,33.27
LVW,2.4,ANGE,root,0.1,8.89,37.76
LVW,2.4,ANGE,root,0.1,9.89,36.69
LVW,2.4,ANGE,litter,1,0,100
LVW,2.4,ANGE,litter,1,9.89,64.02
LVW,2.4,DRGL,root,0.1,0,100
LVW,2.4,DRGL,root,0.1,0.88,75.95
LVW,2.4,DRGL,root,0.1,1.9,73.28
LVW,2.4,DRGL,root,0.1,3,56.32
LVW,2.4,DRGL,root,0.1,3.89,51.02
LVW,2.4,DRGL,root,0.1,4.89,50.82
LVW,2.4,DRGL,root,0.1,5.9,55.07
LVW,2.4,DRGL,root,0.1,6.87,37.56
LVW,2.4,DRGL,root,0.1,7.88,49.23
LVW,2.4,DRGL,root,0.1,8.89,55.53
LVW,2.4,DRGL,root,0.1,9.89,37.29
LVW,2.4,DRGL,litter,1,0,100
LVW,2.4,DRGL,litter,1,0.88,58.8
LVW,2.4,DRGL,litter,1,1.9,59.9
LVW,2.4,DRGL,litter,1,3,49.04
LVW,2.4,DRGL,litter,1,3.88,41.26
LVW,2.4,DRGL,litter,1,4.89,28.6
LVW,2.4,DRGL,litter,1,5.91,60.52
LVW,2.4,DRGL,litter,1,6.87,45.73
LVW,2.4,DRGL,litter,1,7.88,44.03
LVW,2.4,DRGL,litter,1,8.89,35.21
LVW,2.4,DRGL,litter,1,9.88,31.04
LVW,2.4,FAGR,litter,1,0,100
LVW,2.4,FAGR,litter,1,1.9,84.92
LVW,2.4,LATR,litter,1,0,100
LVW,2.4,LATR,litter,1,5.9,54.84
LVW,2.4,LATR,litter,1,6.87,49.64
LVW,2.4,LITU,litter,1,0,100
LVW,2.4,LITU,litter,1,4.89,45.79
LVW,2.4,MYCE,litter,1,0,100
LVW,2.4,MYCE,litter,1,3.88,54.38
LVW,2.4,PIEL,litter,1,0,100
LVW,2.4,PIEL,root,1,0,100
LVW,2.4,PIEL,litter,1,0.88,89.22
LVW,2.4,PIEL,root,1,0.88,88.53
LVW,2.4,PIEL,litter,1,1.9,89.16
LVW,2.4,PIEL,root,1,1.9,88.3
LVW,2.4,PIEL,litter,1,3,84.58
LVW,2.4,PIEL,root,1,3,79.22
LVW,2.4,PIEL,litter,1,3.89,86.4
LVW,2.4,PIEL,root,1,3.89,82.12
LVW,2.4,PIEL,litter,1,4.89,73.96
LVW,2.4,PIEL,root,1,4.89,68.96
LVW,2.4,PIEL,root,1,5.9,75.34
LVW,2.4,PIEL,litter,1,5.9,77.83
LVW,2.4,PIEL,litter,1,6.87,72.24
LVW,2.4,PIEL,root,1,6.87,73.48
LVW,2.4,PIEL,litter,1,7.87,69.68
LVW,2.4,PIEL,root,1,7.88,64.05
LVW,2.4,PIEL,litter,1,8.88,64.74
LVW,2.4,PIEL,root,1,8.89,65.75
LVW,2.4,PIEL,litter,1,9.88,64.51
LVW,2.4,PIEL,root,1,9.89,63.06
LVW,2.4,POTR,litter,1,0,100
LVW,2.4,POTR,litter,1,0.88,78.9
LVW,2.4,POTR,litter,1,7.88,51.39
LVW,2.4,PSME,litter,1,0,100
LVW,2.4,PSME,litter,1,3,76.73
LVW,2.4,QUPR,litter,1,0,100
LVW,2.4,QUPR,litter,1,0.88,81.68
LVW,2.4,QUPR,litter,1,1.9,80.31
LVW,2.4,QUPR,litter,1,3,75.71
LVW,2.4,QUPR,litter,1,3.89,59.27
LVW,2.4,QUPR,litter,1,4.89,59.95
LVW,2.4,QUPR,litter,1,5.9,56.08
LVW,2.4,QUPR,litter,1,6.87,54.11
LVW,2.4,QUPR,litter,1,7.88,53.93
LVW,2.4,QUPR,litter,1,8.89,49.23
LVW,2.4,THPL,litter,1,0,100
LVW,2.4,THPL,litter,1,0.88,78.32
LVW,2.4,THPL,litter,1,1.9,75.24
LVW,2.4,THPL,litter,1,3,75.37
LVW,2.4,THPL,litter,1,3.89,70.19
LVW,2.4,THPL,litter,1,4.89,62.9
LVW,2.4,THPL,litter,1,5.9,61.24
LVW,2.4,THPL,litter,1,6.87,56.7
LVW,2.4,THPL,litter,1,7.88,55.03
LVW,2.4,THPL,litter,1,8.88,54.34
LVW,2.4,THPL,litter,1,9.88,53.12
LVW,2.4,TRAE,litter,1,0,100
LVW,2.4,TRAE,litter,1,0.88,75.38
LVW,2.4,TRAE,litter,1,1.9,76.82
LVW,2.4,TRAE,litter,1,3,63.32
LVW,2.4,TRAE,litter,1,3.88,69.05
LVW,2.4,TRAE,litter,1,4.89,51.88
LVW,2.4,TRAE,litter,1,5.9,54.79
LVW,2.4,TRAE,litter,1,6.87,53.71
LVW,2.4,TRAE,litter,1,7.88,50.5
LVW,2.4,TRAE,litter,1,8.89,40.44
LVW,2.4,TRAE,litter,1,9.88,29.47
LVW,2.4,VOFE,litter,1,0,100
LVW,2.4,VOFE,litter,1,8.89,91.17
SEV,13.7,ACSA,litter,1,0,100
SEV,13.7,ACSA,litter,1,1.01,77.13
SEV,13.7,ACSA,litter,1,2.01,53.73
SEV,13.7,ACSA,litter,1,3.04,59.89
SEV,13.7,ACSA,litter,1,4.02,35.74
SEV,13.7,ACSA,litter,1,5,NA
SEV,13.7,ACSA,litter,1,6.98,NA
SEV,13.7,ACSA,litter,1,9,NA
SEV,13.7,ANGE,root,0.1,0,100
SEV,13.7,ANGE,root,0.1,1.01,87.03
SEV,13.7,ANGE,root,0.1,2.01,53.31
SEV,13.7,ANGE,root,0.1,3.04,39.27
SEV,13.7,ANGE,root,0.1,4.02,29.41
SEV,13.7,ANGE,root,0.1,5,22.39
SEV,13.7,ANGE,root,0.1,6,29.84
SEV,13.7,ANGE,root,0.1,6.98,33.52
SEV,13.7,ANGE,litter,1,0,100
SEV,13.7,ANGE,litter,1,9,NA
SEV,13.7,BOGR,litter,1,0,100
SEV,13.7,BOGR,litter,1,2.01,38.32
SEV,13.7,DRGL,root,0.1,0,100
SEV,13.7,DRGL,root,0.1,1.01,71.04
SEV,13.7,DRGL,root,0.1,2.01,61.23
SEV,13.7,DRGL,root,0.1,3.04,49.63
SEV,13.7,DRGL,root,0.1,4.02,43.88
SEV,13.7,DRGL,root,0.1,5,33.51
SEV,13.7,DRGL,root,0.1,6,39.98
SEV,13.7,DRGL,root,0.1,6.98,33.82
SEV,13.7,DRGL,root,0.1,9,36
SEV,13.7,DRGL,litter,1,0,100
SEV,13.7,DRGL,litter,1,1.01,76.29
SEV,13.7,DRGL,litter,1,2.01,65.51
SEV,13.7,DRGL,litter,1,3.04,74.49
SEV,13.7,DRGL,litter,1,4.02,58.76
SEV,13.7,DRGL,litter,1,5,NA
SEV,13.7,DRGL,litter,1,6.98,NA
SEV,13.7,DRGL,litter,1,9,NA
SEV,13.7,PIEL,root,0.1,0,100
SEV,13.7,PIEL,root,0.1,1.01,87.72
SEV,13.7,PIEL,root,0.1,2.01,81.84
SEV,13.7,PIEL,root,0.1,3.04,77.74
SEV,13.7,PIEL,root,0.1,4.02,71.08
SEV,13.7,PIEL,root,0.1,5,75.14
SEV,13.7,PIEL,root,0.1,6,74.22
SEV,13.7,PIEL,root,0.1,6.98,72.37
SEV,13.7,PIEL,root,0.1,9,70.23
SEV,13.7,PIRE,litter,1,0,100
SEV,13.7,PIRE,litter,1,1.01,87.44
SEV,13.7,PIRE,litter,1,2.01,79.26
SEV,13.7,PIRE,litter,1,3.04,75.32
SEV,13.7,PIRE,litter,1,4.02,52.36
SEV,13.7,PIRE,litter,1,5,NA
SEV,13.7,PIRE,litter,1,6.98,NA
SEV,13.7,PIRE,litter,1,9,NA
SEV,13.7,POTR,litter,1,0,100
SEV,13.7,POTR,litter,1,3.04,78.36
SEV,13.7,QUPR,litter,1,0,100
SEV,13.7,QUPR,litter,1,1.01,89.42
SEV,13.7,QUPR,litter,1,2.01,71.21
SEV,13.7,QUPR,litter,1,3.04,53.74
SEV,13.7,QUPR,litter,1,4.02,64.61
SEV,13.7,QUPR,litter,1,5,NA
SEV,13.7,QUPR,litter,1,6.98,NA
SEV,13.7,QUPR,litter,1,9,NA
SEV,13.7,RHMA,litter,1,0,100
SEV,13.7,RHMA,litter,1,5,NA
SEV,13.7,ROPS,litter,1,0,100
SEV,13.7,ROPS,litter,1,4.02,31.35
SEV,13.7,ROPS,litter,1,6.98,NA
SEV,13.7,THPL,litter,1,0,100
SEV,13.7,THPL,litter,1,1.01,90.69
SEV,13.7,THPL,litter,1,2.01,76.27
SEV,13.7,THPL,litter,1,3.04,63.74
SEV,13.7,THPL,litter,1,4.02,66.17
SEV,13.7,THPL,litter,1,5,NA
SEV,13.7,THPL,litter,1,6.98,NA
SEV,13.7,THPL,litter,1,9,NA
SEV,13.7,TRAE,litter,1,0,100
SEV,13.7,TRAE,litter,1,1.01,82.43
SEV,13.7,TRAE,litter,1,2.01,65.22
SEV,13.7,TRAE,litter,1,3.04,57.22
SEV,13.7,TRAE,litter,1,4.02,50.89
SEV,13.7,TRAE,litter,1,5,NA
SEV,13.7,TRAE,litter,1,6.98,NA
SEV,13.7,TRAE,litter,1,9,NA
SEV,13.7,VOFE,litter,1,0,100
SEV,13.7,VOFE,litter,1,1.01,89.04
JRN,14.6,ACSA,litter,1,0,100
JRN,14.6,ACSA,litter,1,1.01,62.15
JRN,14.6,ACSA,litter,1,2,58.15
JRN,14.6,ACSA,litter,1,3,47.7
JRN,14.6,ACSA,litter,1,5.09,0.11
JRN,14.6,ACSA,litter,1,6.02,NA
JRN,14.6,ACSA,litter,1,7.02,NA
JRN,14.6,ACSA,litter,7,0,100
JRN,14.6,ACSA,litter,7,1.01,53.64
JRN,14.6,ACSA,litter,7,2,48.79
JRN,14.6,ANGE,root,0.1,0,100
JRN,14.6,ANGE,root,0.1,1.02,73.82
JRN,14.6,ANGE,root,0.1,2,41.62
JRN,14.6,ANGE,root,0.1,3,29.73
JRN,14.6,ANGE,root,0.1,4.02,34.38
JRN,14.6,ANGE,root,0.1,5.09,43.15
JRN,14.6,ANGE,root,0.1,6.02,37.4
JRN,14.6,ANGE,root,0.1,7.02,22.03
JRN,14.6,ANGE,root,0.1,8,42.47
JRN,14.6,ANGE,root,0.1,9.07,9.53
JRN,14.6,ANGE,root,0.1,10.01,25.07
JRN,14.6,ANSC,litter,1,0,100
JRN,14.6,ANSC,litter,1,6.02,2.71
JRN,14.6,BOER,litter,1,0,100
JRN,14.6,BOER,litter,1,3,58.05
JRN,14.6,DRGL,root,0.1,0,100
JRN,14.6,DRGL,root,0.1,1.02,72.58
JRN,14.6,DRGL,root,0.1,2,57.84
JRN,14.6,DRGL,root,0.1,3,51.9
JRN,14.6,DRGL,root,0.1,4.02,49.17
JRN,14.6,DRGL,root,0.1,5.1,30.99
JRN,14.6,DRGL,root,0.1,6.02,35.46
JRN,14.6,DRGL,root,0.1,7.02,37.15
JRN,14.6,DRGL,root,0.1,8,21.19
JRN,14.6,DRGL,root,0.1,9.07,16.85
JRN,14.6,DRGL,root,0.1,10.02,28.22
JRN,14.6,DRGL,litter,1,0,100
JRN,14.6,DRGL,litter,1,1.02,70.53
JRN,14.6,DRGL,litter,1,2,54.86
JRN,14.6,DRGL,litter,1,3,48.89
JRN,14.6,DRGL,litter,1,4.02,NA
JRN,14.6,DRGL,litter,1,5.09,0.67
JRN,14.6,DRGL,litter,1,6.02,30.06
JRN,14.6,KOMY,litter,1,0,100
JRN,14.6,KOMY,litter,1,1.02,49.12
JRN,14.6,PIEL,root,0.1,0,100
JRN,14.6,PIEL,root,0.1,1.02,85.57
JRN,14.6,PIEL,root,0.1,2,77.91
JRN,14.6,PIEL,root,0.1,2.99,74.66
JRN,14.6,PIEL,root,0.1,4.02,74
JRN,14.6,PIEL,root,0.1,5.1,72.32
JRN,14.6,PIEL,root,0.1,6.02,72.4
JRN,14.6,PIEL,root,0.1,7.01,71
JRN,14.6,PIEL,root,0.1,8,67.48
JRN,14.6,PIEL,root,0.1,9.07,64.7
JRN,14.6,PIEL,root,0.1,10.02,65.03
JRN,14.6,PIRE,litter,1,0,100
JRN,14.6,PIRE,litter,1,1.02,87.25
JRN,14.6,PIRE,litter,1,2,75.63
JRN,14.6,PIRE,litter,1,3,58.35
JRN,14.6,PIRE,litter,1,5.09,10
JRN,14.6,PIRE,litter,1,6.02,24.49
JRN,14.6,PIRE,litter,1,7.02,7.69
JRN,14.6,QUPR,litter,1,0,100
JRN,14.6,QUPR,litter,1,1.02,86.69
JRN,14.6,QUPR,litter,1,2,78.6
JRN,14.6,QUPR,litter,1,3,72.25
JRN,14.6,QUPR,litter,1,6.02,37.05
JRN,14.6,QUPR,litter,1,7.02,NA
JRN,14.6,RHMA,litter,1,0,100
JRN,14.6,RHMA,litter,1,1.01,40.47
JRN,14.6,RHMA,litter,1,2,86.35
JRN,14.6,RHMA,litter,7,0,100
JRN,14.6,RHMA,litter,7,1.02,92.71
JRN,14.6,RHMA,litter,7,2,86.32
JRN,14.6,THPL,litter,1,0,100
JRN,14.6,THPL,litter,1,1.02,81.58
JRN,14.6,THPL,litter,1,2,72.52
JRN,14.6,THPL,litter,1,3,64.61
JRN,14.6,THPL,litter,1,5.09,11.95
JRN,14.6,THPL,litter,1,6.02,27.72
JRN,14.6,THPL,litter,1,7.02,NA
JRN,14.6,THPL,litter,1,9.07,NA
JRN,14.6,TRAE,litter,1,0,100
JRN,14.6,TRAE,litter,1,1.02,87.14
JRN,14.6,TRAE,litter,1,2,82.71
JRN,14.6,TRAE,litter,1,3,63.56
JRN,14.6,TRAE,litter,1,6.02,6.33
JRN,14.6,TRAE,litter,1,7.02,NA
JRN,14.6,TRAE,litter,7,0,100
JRN,14.6,TRAE,litter,7,1.02,51.57
JRN,14.6,TRAE,litter,7,2,40.9
JRN,14.6,VOFE,litter,1,0,100
JRN,14.6,VOFE,litter,1,5.09,NA
CDR,5.5,ACSA,litter,1,0,100
CDR,5.5,ACSA,litter,1,1.02,59.85
CDR,5.5,ACSA,litter,1,2.08,51.35
CDR,5.5,ACSA,litter,1,3.04,49.91
CDR,5.5,ACSA,litter,1,4.01,42.73
CDR,5.5,ACSA,litter,1,5.01,26.69
CDR,5.5,ACSA,litter,1,5.99,35.38
CDR,5.5,ACSA,litter,1,8.98,NA
CDR,5.5,ACSA,litter,1,10.04,NA
CDR,5.5,ANGE,root,0.1,0,100
CDR,5.5,ANGE,root,0.1,1.02,45.72
CDR,5.5,ANGE,root,0.1,2.08,32.62
CDR,5.5,ANGE,root,0.1,3.04,25.51
CDR,5.5,ANGE,root,0.1,4.01,21.66
CDR,5.5,ANGE,root,0.1,5.01,18.73
CDR,5.5,ANGE,root,0.1,5.99,16.27
CDR,5.5,ANGE,root,0.1,8.98,14.6
CDR,5.5,ANGE,root,0.1,10.04,NA
CDR,5.5,ANSC,litter,1,0,100
CDR,5.5,ANSC,litter,1,4.01,60.96
CDR,5.5,BELU,litter,1,0,100
CDR,5.5,BELU,litter,1,8.98,42.01
CDR,5.5,BOGR,litter,1,0,100
CDR,5.5,BOGR,litter,1,8.01,13.96
CDR,5.5,DRGL,root,0.1,0,100
CDR,5.5,DRGL,root,0.1,1.02,68.17
CDR,5.5,DRGL,root,0.1,2.08,63.27
CDR,5.5,DRGL,root,0.1,3.04,36.39
CDR,5.5,DRGL,root,0.1,4.01,29.78
CDR,5.5,DRGL,root,0.1,5.01,17.59
CDR,5.5,DRGL,root,0.1,5.99,30.61
CDR,5.5,DRGL,root,0.1,6.99,25.5
CDR,5.5,DRGL,root,0.1,8.01,16.72
CDR,5.5,DRGL,root,0.1,8.98,NA
CDR,5.5,DRGL,root,0.1,10.04,4.78
CDR,5.5,DRGL,litter,1,0,100
CDR,5.5,DRGL,litter,1,1.02,57.9
CDR,5.5,DRGL,litter,1,2.08,44.13
CDR,5.5,DRGL,litter,1,3.04,39.11
CDR,5.5,DRGL,litter,1,4.01,31.41
CDR,5.5,DRGL,litter,1,5.01,22.15
CDR,5.5,DRGL,litter,1,5.99,24.64
CDR,5.5,DRGL,litter,1,6.99,18
CDR,5.5,DRGL,litter,1,8.01,10.26
CDR,5.5,DRGL,litter,1,8.98,NA
CDR,5.5,DRGL,litter,1,10.04,13.28
CDR,5.5,FAGR,litter,1,0,100
CDR,5.5,FAGR,litter,1,1.02,83.12
CDR,5.5,KOMY,litter,1,0,100
CDR,5.5,KOMY,litter,1,2.08,32.98
CDR,5.5,KOMY,litter,1,6.99,17.94
CDR,5.5,PIEL,root,0.1,0,100
CDR,5.5,PIEL,root,0.1,1.02,77.61
CDR,5.5,PIEL,root,0.1,2.08,72.3
CDR,5.5,PIEL,root,0.1,3.04,67.13
CDR,5.5,PIEL,root,0.1,4.01,65.71
CDR,5.5,PIEL,root,0.1,5.01,63.68
CDR,5.5,PIEL,root,0.1,5.99,50.84
CDR,5.5,PIEL,root,0.1,6.99,51.63
CDR,5.5,PIEL,root,0.1,8.01,32.28
CDR,5.5,PIEL,root,0.1,8.98,32.16
CDR,5.5,PIEL,root,0.1,10.04,31.79
CDR,5.5,PIEL,litter,1,0,100
CDR,5.5,PIEL,litter,1,5.99,57.92
CDR,5.5,PIRE,litter,1,0,100
CDR,5.5,PIRE,litter,1,1.02,85.46
CDR,5.5,PIRE,litter,1,2.08,77.58
CDR,5.5,PIRE,litter,1,3.04,68.32
CDR,5.5,PIRE,litter,1,4.01,68.41
CDR,5.5,PIRE,litter,1,5.01,48.27
CDR,5.5,PIRE,litter,1,5.99,34.41
CDR,5.5,PIRE,litter,1,6.99,39.88
CDR,5.5,PIRE,litter,1,8.98,NA
CDR,5.5,PIRE,litter,1,10.04,23.48
CDR,5.5,QUPR,litter,1,0,100
CDR,5.5,QUPR,litter,1,1.02,83.07
CDR,5.5,QUPR,litter,1,2.08,63.76
CDR,5.5,QUPR,litter,1,3.04,69.22
CDR,5.5,QUPR,litter,1,4.01,68.63
CDR,5.5,QUPR,litter,1,5.01,53.02
CDR,5.5,QUPR,litter,1,5.99,30.09
CDR,5.5,QUPR,litter,1,6.99,29.02
CDR,5.5,QUPR,litter,1,8.98,NA
CDR,5.5,QUPR,litter,1,10.04,NA
CDR,5.5,RHMA,litter,1,0,100
CDR,5.5,RHMA,litter,1,5.01,72.36
CDR,5.5,ROPS,litter,1,0,100
CDR,5.5,ROPS,litter,1,10.04,9.75
CDR,5.5,SPAL,litter,1,0,100
CDR,5.5,SPAL,litter,1,3.04,36.28
CDR,5.5,THPL,litter,1,0,100
CDR,5.5,THPL,litter,1,1.02,84.8
CDR,5.5,THPL,litter,1,2.08,76.71
CDR,5.5,THPL,litter,1,3.04,75.5
CDR,5.5,THPL,litter,1,4.01,80.81
CDR,5.5,THPL,litter,1,5.01,58.07
CDR,5.5,THPL,litter,1,5.99,33.89
CDR,5.5,THPL,litter,1,6.99,50.75
CDR,5.5,THPL,litter,1,8.01,50.19
CDR,5.5,THPL,litter,1,8.98,NA
CDR,5.5,THPL,litter,1,10.04,21.87
CDR,5.5,TRAE,litter,1,0,100
CDR,5.5,TRAE,litter,1,1.02,68.1
CDR,5.5,TRAE,litter,1,2.08,60.21
CDR,5.5,TRAE,litter,1,3.04,53.16
CDR,5.5,TRAE,litter,1,4.01,39.42
CDR,5.5,TRAE,litter,1,5.01,37.27
CDR,5.5,TRAE,litter,1,5.99,37.24
CDR,5.5,TRAE,litter,1,6.99,31.02
CDR,5.5,TRAE,litter,1,8.98,NA
CDR,5.5,TRAE,litter,1,10.04,3.77
CPR,8.7,ACSA,litter,1,0,100
CPR,8.7,ACSA,litter,1,1.28,82.67
CPR,8.7,ACSA,litter,1,2.02,65.52
CPR,8.7,ACSA,litter,1,3.01,50.29
CPR,8.7,ACSA,litter,1,4,32.26
CPR,8.7,ACSA,litter,1,5.03,41.29
CPR,8.7,ACSA,litter,7,0,100
CPR,8.7,ACSA,litter,7,1.28,70.63
CPR,8.7,ACSA,litter,7,2.02,65.09
CPR,8.7,ANGE,root,0.1,0,100
CPR,8.7,ANGE,root,0.1,1.28,73.12
CPR,8.7,ANGE,root,0.1,2.02,33.41
CPR,8.7,ANGE,root,0.1,3.01,29.97
CPR,8.7,ANGE,root,0.1,4,23
CPR,8.7,ANGE,root,0.1,5.03,27.31
CPR,8.7,ANGE,root,0.1,6,38.05
CPR,8.7,ANGE,root,0.1,6.36,13.51
CPR,8.7,ANGE,root,0.1,8.03,23.12
CPR,8.7,ANGE,root,0.1,9.01,29.71
CPR,8.7,ANGE,root,0.1,10.03,21
CPR,8.7,BOER,litter,1,0,100
CPR,8.7,BOER,litter,1,1.28,92.05
CPR,8.7,CONU,litter,1,0,100
CPR,8.7,CONU,litter,1,5.03,39.48
CPR,8.7,DRGL,root,0.1,0,100
CPR,8.7,DRGL,root,0.1,1.28,80.54
CPR,8.7,DRGL,root,0.1,2.02,53.58
CPR,8.7,DRGL,root,0.1,3.01,47.82
CPR,8.7,DRGL,root,0.1,4,44.19
CPR,8.7,DRGL,root,0.1,5.03,30.3
CPR,8.7,DRGL,root,0.1,6,33.86
CPR,8.7,DRGL,root,0.1,6.36,32.05
CPR,8.7,DRGL,root,0.1,8.03,33.65
CPR,8.7,DRGL,root,0.1,9.01,30
CPR,8.7,DRGL,root,0.1,10.03,25.04
CPR,8.7,DRGL,litter,1,0,100
CPR,8.7,DRGL,litter,1,1.28,81.92
CPR,8.7,DRGL,litter,1,2.02,71.6
CPR,8.7,DRGL,litter,1,3.01,54.93
CPR,8.7,DRGL,litter,1,4,27.17
CPR,8.7,LITU,litter,1,0,100
CPR,8.7,LITU,litter,1,2.02,62.09
CPR,8.7,MYCE,litter,1,0,100
CPR,8.7,MYCE,litter,1,9.01,NA
CPR,8.7,PIEL,root,0.1,0,100
CPR,8.7,PIEL,root,0.1,1.28,87.54
CPR,8.7,PIEL,root,0.1,2.02,72.13
CPR,8.7,PIEL,root,0.1,3.01,69.79
CPR,8.7,PIEL,root,0.1,4,69.22
CPR,8.7,PIEL,root,0.1,5.03,68
CPR,8.7,PIEL,root,0.1,6,71.45
CPR,8.7,PIEL,root,0.1,6.36,71.61
CPR,8.7,PIEL,root,0.1,8.03,67.36
CPR,8.7,PIEL,root,0.1,10.03,66
CPR,8.7,PIRE,litter,1,0,100
CPR,8.7,PIRE,litter,1,1.28,94.74
CPR,8.7,PIRE,litter,1,2.02,84.81
CPR,8.7,PIRE,litter,1,3.01,73.7
CPR,8.7,PIRE,litter,1,4,44.26
CPR,8.7,PIST,litter,1,0,100
CPR,8.7,PIST,litter,1,3.01,65.19
CPR,8.7,PSME,litter,1,0,100
CPR,8.7,PSME,litter,1,4,10.52
CPR,8.7,QUPR,litter,1,0,100
CPR,8.7,QUPR,litter,1,1.28,86.87
CPR,8.7,QUPR,litter,1,2.02,78.03
CPR,8.7,QUPR,litter,1,3.01,74.59
CPR,8.7,QUPR,litter,1,4,31.09
CPR,8.7,RHMA,litter,1,0,100
CPR,8.7,RHMA,litter,1,1.28,95.95
CPR,8.7,RHMA,litter,1,2.02,83.71
CPR,8.7,RHMA,litter,7,0,100
CPR,8.7,RHMA,litter,7,1.28,95.34
CPR,8.7,RHMA,litter,7,2.02,103.2
CPR,8.7,THPL,litter,1,0,100
CPR,8.7,THPL,litter,1,1.28,95.63
CPR,8.7,THPL,litter,1,2.02,85.17
CPR,8.7,THPL,litter,1,3.01,80.1
CPR,8.7,THPL,litter,1,4,42.89
CPR,8.7,THPL,litter,1,6.36,73.45
CPR,8.7,TRAE,litter,1,0,100
CPR,8.7,TRAE,litter,1,1.28,88.6
CPR,8.7,TRAE,litter,1,2.02,82.63
CPR,8.7,TRAE,litter,1,3.01,70.27
CPR,8.7,TRAE,litter,1,4,34.97
CPR,8.7,TRAE,litter,7,0,100
CPR,8.7,TRAE,litter,7,1.28,80.42
CPR,8.7,TRAE,litter,7,2.02,73.04
KNZ,12.7,ACSA,litter,1,0,100
KNZ,12.7,ACSA,litter,1,1.04,80.52
KNZ,12.7,ACSA,litter,1,2.04,64.34
KNZ,12.7,ACSA,litter,1,3.06,55.85
KNZ,12.7,ACSA,litter,1,4.06,46.88
KNZ,12.7,ACSA,litter,1,5.08,43.61
KNZ,12.7,ACSA,litter,1,6.14,34.49
KNZ,12.7,ACSA,litter,1,7.1,33.25
KNZ,12.7,ACSA,litter,1,8.1,32.03
KNZ,12.7,ACSA,litter,1,9.13,31.57
KNZ,12.7,ANGE,root,0.1,0,100
KNZ,12.7,ANGE,root,0.1,1.04,32.74
KNZ,12.7,ANGE,root,0.1,2.04,27.67
KNZ,12.7,ANGE,root,0.1,3.06,23.55
KNZ,12.7,ANGE,root,0.1,4.06,28.14
KNZ,12.7,ANGE,root,0.1,5.08,21.06
KNZ,12.7,ANGE,root,0.1,6.13,26.51
KNZ,12.7,ANGE,root,0.1,7.1,5.49
KNZ,12.7,ANGE,root,0.1,8.11,7.59
KNZ,12.7,ANGE,root,0.1,9.13,10.13
KNZ,12.7,ANGE,litter,1,0,100
KNZ,12.7,ANGE,litter,1,3.06,46.18
KNZ,12.7,ANSC,litter,1,0,100
KNZ,12.7,ANSC,litter,1,9.13,23.13
KNZ,12.7,BOER,litter,1,0,100
KNZ,12.7,BOER,litter,1,6.15,25.44
KNZ,12.7,BOGR,litter,1,0,100
KNZ,12.7,BOGR,litter,1,4.06,22.5
KNZ,12.7,DRGL,root,0.1,0,100
KNZ,12.7,DRGL,root,0.1,1.04,34.53
KNZ,12.7,DRGL,root,0.1,2.04,45.24
KNZ,12.7,DRGL,root,0.1,3.06,20.22
KNZ,12.7,DRGL,root,0.1,4.06,25.07
KNZ,12.7,DRGL,root,0.1,7.09,19.87
KNZ,12.7,DRGL,root,0.1,8.1,24.37
KNZ,12.7,DRGL,root,0.1,9.13,21.96
KNZ,12.7,DRGL,litter,1,0,100
KNZ,12.7,DRGL,litter,1,1.04,20.27
KNZ,12.7,DRGL,litter,1,2.04,17.07
KNZ,12.7,DRGL,litter,1,3.06,16.86
KNZ,12.7,DRGL,litter,1,4.06,5.71
KNZ,12.7,DRGL,litter,1,6.15,15.1
KNZ,12.7,DRGL,litter,1,7.09,4.22
KNZ,12.7,DRGL,litter,1,8.1,5.37
KNZ,12.7,LITU,litter,1,0,100
KNZ,12.7,LITU,litter,1,1.04,75.07
KNZ,12.7,MYCE,litter,1,0,100
KNZ,12.7,MYCE,litter,1,2.04,72.09
KNZ,12.7,PIEL,root,0.1,0,100
KNZ,12.7,PIEL,root,0.1,1.04,78.3
KNZ,12.7,PIEL,root,0.1,2.04,72.74
KNZ,12.7,PIEL,root,0.1,3.06,73.31
KNZ,12.7,PIEL,root,0.1,4.06,63.73
KNZ,12.7,PIEL,root,0.1,5.09,60.5
KNZ,12.7,PIEL,root,0.1,6.15,50.55
KNZ,12.7,PIEL,root,0.1,7.11,51.66
KNZ,12.7,PIEL,root,0.1,8.11,41.64
KNZ,12.7,PIEL,root,0.1,9.12,33.18
KNZ,12.7,PIEL,litter,1,0,100
KNZ,12.7,PIEL,litter,1,5.08,65.91
KNZ,12.7,PIEL,litter,1,8.11,66.79
KNZ,12.7,PIRE,litter,1,0,100
KNZ,12.7,PIRE,litter,1,1.04,90.45
KNZ,12.7,PIRE,litter,1,2.04,82.38
KNZ,12.7,PIRE,litter,1,3.06,65.88
KNZ,12.7,PIRE,litter,1,4.06,55.87
KNZ,12.7,PIRE,litter,1,5.07,51.16
KNZ,12.7,PIRE,litter,1,6.15,49.49
KNZ,12.7,PIRE,litter,1,7.1,45.15
KNZ,12.7,PIRE,litter,1,8.11,46.33
KNZ,12.7,PIRE,litter,1,9.12,26.85
KNZ,12.7,PIST,litter,1,0,100
KNZ,12.7,PIST,litter,1,7.1,41.55
KNZ,12.7,QUPR,litter,1,0,100
KNZ,12.7,QUPR,litter,1,1.04,90.39
KNZ,12.7,QUPR,litter,1,2.04,82.55
KNZ,12.7,QUPR,litter,1,3.06,71.93
KNZ,12.7,QUPR,litter,1,4.06,61.15
KNZ,12.7,QUPR,litter,1,5.08,64.41
KNZ,12.7,QUPR,litter,1,6.14,55.99
KNZ,12.7,QUPR,litter,1,7.1,28.47
KNZ,12.7,QUPR,litter,1,8.11,54.36
KNZ,12.7,THPL,litter,1,0,100
KNZ,12.7,THPL,litter,1,1.04,90.16
KNZ,12.7,THPL,litter,1,2.04,86.58
KNZ,12.7,THPL,litter,1,3.06,75.1
KNZ,12.7,THPL,litter,1,4.07,72.05
KNZ,12.7,THPL,litter,1,5.08,62.71
KNZ,12.7,THPL,litter,1,6.14,60.67
KNZ,12.7,THPL,litter,1,7.09,56.2
KNZ,12.7,THPL,litter,1,8.11,55.87
KNZ,12.7,THPL,litter,1,9.13,47.14
KNZ,12.7,TRAE,litter,1,0,100
KNZ,12.7,TRAE,litter,1,1.04,81.29
KNZ,12.7,TRAE,litter,1,2.04,66.64
KNZ,12.7,TRAE,litter,1,3.06,48.67
KNZ,12.7,TRAE,litter,1,4.06,43.22
KNZ,12.7,TRAE,litter,1,5.08,35.07
KNZ,12.7,TRAE,litter,1,6.15,24.73
KNZ,12.7,TRAE,litter,1,7.09,23.62
KNZ,12.7,TRAE,litter,1,8.11,18.65
KNZ,12.7,TRAE,litter,1,9.13,19.04
VCR,14.2,ACSA,litter,1,0,100
VCR,14.2,ACSA,litter,1,1.02,30.33
VCR,14.2,ACSA,litter,1,2.01,17.98
VCR,14.2,ACSA,litter,1,3.06,20.63
VCR,14.2,ACSA,litter,1,4.04,NA
VCR,14.2,ACSA,litter,1,5.05,NA
VCR,14.2,ACSA,litter,1,6.02,NA
VCR,14.2,ACSA,litter,1,7.02,NA
VCR,14.2,AMBR,litter,1,0,100
VCR,14.2,AMBR,litter,1,5.05,NA
VCR,14.2,AMBR,litter,1,5.05,NA
VCR,14.2,ANGE,root,0.1,0,100
VCR,14.2,ANGE,root,0.1,1.02,59.29
VCR,14.2,ANGE,root,0.1,2.01,57.1
VCR,14.2,ANGE,root,0.1,3.06,47.47
VCR,14.2,ANGE,root,0.1,4.04,53.39
VCR,14.2,ANGE,root,0.1,5.05,48.36
VCR,14.2,ANGE,root,0.1,5.05,NA
VCR,14.2,ANGE,root,0.1,6.02,53.24
VCR,14.2,ANGE,root,0.1,7.02,51.67
VCR,14.2,ANGE,root,0.1,8,50.25
VCR,14.2,ANSC,litter,1,0,100
VCR,14.2,ANSC,litter,1,4.04,0.14
VCR,14.2,BOER,litter,1,0,100
VCR,14.2,BOER,litter,1,6.02,NA
VCR,14.2,CEGR,litter,1,0,100
VCR,14.2,CEGR,litter,1,3.06,5.99
VCR,14.2,CEGR,litter,1,6.02,NA
VCR,14.2,CONU,litter,1,0,100
VCR,14.2,CONU,litter,1,2.01,0.52
VCR,14.2,CONU,litter,1,5.05,NA
VCR,14.2,DRGL,root,0.1,0,100
VCR,14.2,DRGL,root,0.1,1.02,70.83
VCR,14.2,DRGL,root,0.1,2.01,71.94
VCR,14.2,DRGL,root,0.1,3.06,70.19
VCR,14.2,DRGL,root,0.1,4.04,64.92
VCR,14.2,DRGL,root,0.1,5.05,66.48
VCR,14.2,DRGL,root,0.1,5.05,NA
VCR,14.2,DRGL,root,0.1,6.02,48.54
VCR,14.2,DRGL,root,0.1,7.02,50.24
VCR,14.2,DRGL,root,0.1,8,50.09
VCR,14.2,DRGL,litter,1,0,100
VCR,14.2,DRGL,litter,1,1.02,26.02
VCR,14.2,DRGL,litter,1,2.01,5.59
VCR,14.2,DRGL,litter,1,3.06,4.67
VCR,14.2,DRGL,litter,1,5.05,NA
VCR,14.2,DRGL,litter,1,5.05,NA
VCR,14.2,DRGL,litter,1,6.02,NA
VCR,14.2,DRGL,litter,1,7.02,NA
VCR,14.2,LITU,litter,1,0,100
VCR,14.2,LITU,litter,1,3.06,12.74
VCR,14.2,PIEL,root,0.1,0,100
VCR,14.2,PIEL,root,0.1,1.02,71.47
VCR,14.2,PIEL,root,0.1,2.01,71.63
VCR,14.2,PIEL,root,0.1,3.06,68.19
VCR,14.2,PIEL,root,0.1,4.04,70.21
VCR,14.2,PIEL,root,0.1,5.05,71.59
VCR,14.2,PIEL,root,0.1,5.05,NA
VCR,14.2,PIEL,root,0.1,6.02,72.77
VCR,14.2,PIEL,root,0.1,7.02,61.36
VCR,14.2,PIEL,root,0.1,8,62.26
VCR,14.2,PIRE,litter,1,0,100
VCR,14.2,PIRE,litter,1,1.02,75.24
VCR,14.2,PIRE,litter,1,2.01,56
VCR,14.2,PIRE,litter,1,3.06,41.44
VCR,14.2,PIRE,litter,1,4.04,47.08
VCR,14.2,PIRE,litter,1,5.05,NA
VCR,14.2,PIRE,litter,1,6.02,NA
VCR,14.2,PIRE,litter,1,7.02,NA
VCR,14.2,PSME,litter,1,0,100
VCR,14.2,PSME,litter,1,1.02,38.81
VCR,14.2,QUPR,litter,1,0,100
VCR,14.2,QUPR,litter,1,1.02,59.32
VCR,14.2,QUPR,litter,1,2.01,32.48
VCR,14.2,QUPR,litter,1,3.06,29.87
VCR,14.2,QUPR,litter,1,5.05,NA
VCR,14.2,QUPR,litter,1,6.02,8.63
VCR,14.2,QUPR,litter,1,7.02,NA
VCR,14.2,SPAL,litter,1,0,100
VCR,14.2,SPAL,litter,1,1.02,21.06
VCR,14.2,SPAL,litter,1,6.02,NA
VCR,14.2,SPAL,litter,1,7.02,NA
VCR,14.2,THPL,litter,1,0,100
VCR,14.2,THPL,litter,1,1.02,72.52
VCR,14.2,THPL,litter,1,2.01,57.51
VCR,14.2,THPL,litter,1,3.06,41.19
VCR,14.2,THPL,litter,1,5.05,NA
VCR,14.2,THPL,litter,1,6.02,NA
VCR,14.2,THPL,litter,1,7.02,NA
VCR,14.2,TRAE,litter,1,0,100
VCR,14.2,TRAE,litter,1,1.02,39.59
VCR,14.2,TRAE,litter,1,2.01,25.47
VCR,14.2,TRAE,litter,1,3.06,37.77
VCR,14.2,TRAE,litter,1,4.04,NA
VCR,14.2,TRAE,litter,1,5.05,0.07
VCR,14.2,TRAE,litter,1,5.05,NA
VCR,14.2,TRAE,litter,1,5.05,NA
VCR,14.2,TRAE,litter,1,6.02,NA
VCR,14.2,TRAE,litter,1,7.02,NA
NIN,18,ACSA,litter,1,0,100
NIN,18,ACSA,litter,1,1.01,18.19
NIN,18,ACSA,litter,1,2.07,7.4
NIN,18,ACSA,litter,1,2.96,10.63
NIN,18,ACSA,litter,1,4.06,9.44
NIN,18,ACSA,litter,7,0,100
NIN,18,ACSA,litter,7,1.01,25.77
NIN,18,ACSA,litter,7,2.07,11.67
NIN,18,ANGE,root,0.1,0,100
NIN,18,ANGE,root,0.1,1.01,65.03
NIN,18,ANGE,root,0.1,2.07,57.99
NIN,18,ANGE,root,0.1,2.95,52.37
NIN,18,ANGE,root,0.1,4.06,54.79
NIN,18,ANGE,root,0.1,5.07,53.66
NIN,18,DRGL,root,0.1,0,100
NIN,18,DRGL,root,0.1,1.01,69.32
NIN,18,DRGL,root,0.1,2.07,60.29
NIN,18,DRGL,root,0.1,2.96,69.76
NIN,18,DRGL,root,0.1,4.06,51.48
NIN,18,DRGL,root,0.1,5.07,58.32
NIN,18,DRGL,litter,1,0,100
NIN,18,DRGL,litter,1,1.01,13.07
NIN,18,DRGL,litter,1,2.07,1.6
NIN,18,DRGL,litter,1,2.96,0.66
NIN,18,DRGL,litter,1,4.06,0.59
NIN,18,PIEL,root,0.1,0,100
NIN,18,PIEL,root,0.1,1.01,64.44
NIN,18,PIEL,root,0.1,2.07,65.37
NIN,18,PIEL,root,0.1,2.95,66.21
NIN,18,PIEL,root,0.1,4.06,54.27
NIN,18,PIEL,root,0.1,5.07,52.11
NIN,18,PIRE,litter,1,0,100
NIN,18,PIRE,litter,1,1.01,45.19
NIN,18,PIRE,litter,1,2.07,27.69
NIN,18,PIRE,litter,1,2.96,24.74
NIN,18,PIRE,litter,1,4.06,5.34
NIN,18,PIRE,litter,1,5.06,8.2
NIN,18,POTR,litter,1,0,100
NIN,18,POTR,litter,1,2.07,6.37
NIN,18,PSME,litter,1,0,100
NIN,18,PSME,litter,1,1.01,30.37
NIN,18,QUPR,litter,1,0,100
NIN,18,QUPR,litter,1,1.01,27.24
NIN,18,QUPR,litter,1,2.07,24.68
NIN,18,QUPR,litter,1,2.96,21.66
NIN,18,QUPR,litter,1,4.06,5.94
NIN,18,QUPR,litter,1,5.07,4.49
NIN,18,RHMA,litter,1,0,100
NIN,18,RHMA,litter,1,1.01,16.7
NIN,18,RHMA,litter,1,2.07,3.73
NIN,18,RHMA,litter,1,4.06,2.19
NIN,18,RHMA,litter,7,0,100
NIN,18,RHMA,litter,7,1.01,25.33
NIN,18,RHMA,litter,7,2.07,10.51
NIN,18,THPL,litter,1,0,100
NIN,18,THPL,litter,1,1.01,51.13
NIN,18,THPL,litter,1,2.07,26.04
NIN,18,THPL,litter,1,2.96,17.23
NIN,18,THPL,litter,1,4.06,9.98
NIN,18,THPL,litter,1,5.06,10.87
NIN,18,TRAE,litter,1,0,100
NIN,18,TRAE,litter,1,1.01,0.8
NIN,18,TRAE,litter,1,2.07,0.03
NIN,18,TRAE,litter,1,2.96,NA
NIN,18,TRAE,litter,1,4.06,NA
NIN,18,TRAE,litter,7,0,100
NIN,18,TRAE,litter,7,1.01,6.73
NIN,18,TRAE,litter,7,2.07,1.36
NIN,18,VOFE,litter,1,0,100
NIN,18,VOFE,litter,1,2.96,1.06
CWT,12.5,ACSA,litter,1,0,100
CWT,12.5,ACSA,litter,1,1,51.55
CWT,12.5,ACSA,litter,1,2.02,35.03
CWT,12.5,ACSA,litter,1,3.02,31.89
CWT,12.5,ACSA,litter,1,4.01,24.09
CWT,12.5,ACSA,litter,1,5.03,25.88
CWT,12.5,ACSA,litter,1,6.03,10.99
CWT,12.5,ACSA,litter,1,7.07,13.4
CWT,12.5,ACSA,litter,1,8.04,15.77
CWT,12.5,ACSA,litter,1,9.03,7
CWT,12.5,ACSA,litter,1,10.22,11.04
CWT,12.5,AMBR,litter,1,0,100
CWT,12.5,AMBR,litter,1,3.02,33.56
CWT,12.5,AMBR,litter,1,5.03,17.62
CWT,12.5,AMBR,litter,1,8.04,7.59
CWT,12.5,AMBR,litter,1,10.22,16.66
CWT,12.5,ANGE,root,0.1,0,100
CWT,12.5,ANGE,root,0.1,1,45.44
CWT,12.5,ANGE,root,0.1,2.02,38.72
CWT,12.5,ANGE,root,0.1,3.02,22.83
CWT,12.5,ANGE,root,0.1,4.01,19.14
CWT,12.5,ANGE,root,0.1,5.03,22.59
CWT,12.5,ANGE,root,0.1,6.03,12.39
CWT,12.5,ANGE,root,0.1,7.07,8.73
CWT,12.5,ANGE,root,0.1,8.04,7.1
CWT,12.5,ANGE,root,0.1,9.03,12.61
CWT,12.5,ANGE,root,0.1,10.22,11.6
CWT,12.5,ANGE,litter,1,0,100
CWT,12.5,ANGE,litter,1,1,59.24
CWT,12.5,ANGE,litter,1,4.01,32.87
CWT,12.5,ANGE,litter,1,5.03,25.72
CWT,12.5,ANGE,litter,1,6.03,16.79
CWT,12.5,ANGE,litter,1,9.03,17.89
CWT,12.5,BELU,litter,1,0,100
CWT,12.5,BELU,litter,1,2.02,21.61
CWT,12.5,BELU,litter,1,4.01,4.66
CWT,12.5,BELU,litter,1,10.22,2.2
CWT,12.5,DRGL,root,0.1,0,100
CWT,12.5,DRGL,root,0.1,1,52.3
CWT,12.5,DRGL,root,0.1,2.02,47.48
CWT,12.5,DRGL,root,0.1,3.02,41.39
CWT,12.5,DRGL,root,0.1,4.01,33.06
CWT,12.5,DRGL,root,0.1,5.03,18.34
CWT,12.5,DRGL,root,0.1,6.03,21.46
CWT,12.5,DRGL,root,0.1,7.07,15.36
CWT,12.5,DRGL,root,0.1,8.04,14.56
CWT,12.5,DRGL,root,0.1,9.03,20.9
CWT,12.5,DRGL,root,0.1,10.22,11.81
CWT,12.5,DRGL,litter,1,0,100
CWT,12.5,DRGL,litter,1,1,33.79
CWT,12.5,DRGL,litter,1,2.02,28.28
CWT,12.5,DRGL,litter,1,3.02,22.93
CWT,12.5,DRGL,litter,1,4.01,17.64
CWT,12.5,DRGL,litter,1,5.03,10.17
CWT,12.5,DRGL,litter,1,6.03,12.73
CWT,12.5,DRGL,litter,1,7.07,5.03
CWT,12.5,DRGL,litter,1,8.04,6.02
CWT,12.5,DRGL,litter,1,9.03,2.32
CWT,12.5,DRGL,litter,1,10.22,2.64
CWT,12.5,FAGR,litter,1,0,100
CWT,12.5,FAGR,litter,1,2.02,42.63
CWT,12.5,FAGR,litter,1,3.02,49.98
CWT,12.5,LATR,litter,1,0,100
CWT,12.5,LATR,litter,1,1,38.59
CWT,12.5,LATR,litter,1,4.01,24.36
CWT,12.5,LATR,litter,1,6.03,8.07
CWT,12.5,LATR,litter,1,7.07,9.06
CWT,12.5,PIEL,root,0.1,0,100
CWT,12.5,PIEL,root,0.1,1,74.64
CWT,12.5,PIEL,root,0.1,2.02,71.92
CWT,12.5,PIEL,root,0.1,3.02,60.86
CWT,12.5,PIEL,root,0.1,4.01,53.99
CWT,12.5,PIEL,root,0.1,5.03,57.68
CWT,12.5,PIEL,root,0.1,6.03,50.33
CWT,12.5,PIEL,root,0.1,7.07,45.56
CWT,12.5,PIEL,root,0.1,8.04,32.73
CWT,12.5,PIEL,root,0.1,9.03,42.24
CWT,12.5,PIEL,root,0.1,10.22,42.6
CWT,12.5,PIRE,litter,1,0,100
CWT,12.5,PIRE,litter,1,1,76.75
CWT,12.5,PIRE,litter,1,2.02,60.38
CWT,12.5,PIRE,litter,1,3.02,44.56
CWT,12.5,PIRE,litter,1,4.01,32.33
CWT,12.5,PIRE,litter,1,5.03,18.34
CWT,12.5,PIRE,litter,1,6.03,30.13
CWT,12.5,PIRE,litter,1,7.07,19.19
CWT,12.5,PIRE,litter,1,8.04,22.36
CWT,12.5,PIRE,litter,1,9.03,13.43
CWT,12.5,PIRE,litter,1,10.22,9.47
CWT,12.5,POTR,litter,1,0,100
CWT,12.5,POTR,litter,1,3.02,23.05
CWT,12.5,POTR,litter,1,7.07,8.9
CWT,12.5,POTR,litter,1,8.04,13.76
CWT,12.5,POTR,litter,1,9.03,6.81
CWT,12.5,PSME,litter,1,0,100
CWT,12.5,PSME,litter,1,1,76.76
CWT,12.5,PSME,litter,1,2.02,48.34
CWT,12.5,PSME,litter,1,3.02,40.39
CWT,12.5,QUPR,litter,1,0,100
CWT,12.5,QUPR,litter,1,1,56.81
CWT,12.5,QUPR,litter,1,2.02,40.53
CWT,12.5,QUPR,litter,1,3.02,40.56
CWT,12.5,QUPR,litter,1,4.01,26.67
CWT,12.5,QUPR,litter,1,5.03,15.24
CWT,12.5,QUPR,litter,1,6.03,11.46
CWT,12.5,QUPR,litter,1,7.07,5.1
CWT,12.5,QUPR,litter,1,8.04,12.32
CWT,12.5,QUPR,litter,1,9.03,10.1
CWT,12.5,QUPR,litter,1,10.22,4.86
CWT,12.5,RHMA,litter,1,0,100
CWT,12.5,RHMA,litter,1,2.02,48.98
CWT,12.5,RHMA,litter,1,8.04,21.88
CWT,12.5,RHMA,litter,1,9.03,37.29
CWT,12.5,RHMA,litter,1,10.22,16.28
CWT,12.5,ROPS,litter,1,0,100
CWT,12.5,ROPS,litter,1,5.03,16.42
CWT,12.5,ROPS,litter,1,7.07,5.95
CWT,12.5,ROPS,litter,1,8.04,12.19
CWT,12.5,THPL,litter,1,0,100
CWT,12.5,THPL,litter,1,1,73.44
CWT,12.5,THPL,litter,1,2.02,62.69
CWT,12.5,THPL,litter,1,3.02,46.52
CWT,12.5,THPL,litter,1,4.01,44.99
CWT,12.5,THPL,litter,1,5.03,24.92
CWT,12.5,THPL,litter,1,6.03,24.44
CWT,12.5,THPL,litter,1,7.07,21.62
CWT,12.5,THPL,litter,1,8.04,24.71
CWT,12.5,THPL,litter,1,9.03,14.54
CWT,12.5,THPL,litter,1,10.22,20.42
CWT,12.5,TRAE,litter,1,0,100
CWT,12.5,TRAE,litter,1,1,61.57
CWT,12.5,TRAE,litter,1,2.02,39.47
CWT,12.5,TRAE,litter,1,3.02,36.95
CWT,12.5,TRAE,litter,1,4.01,22.19
CWT,12.5,TRAE,litter,1,5.03,22.3
CWT,12.5,TRAE,litter,1,6.03,17.12
CWT,12.5,TRAE,litter,1,7.07,7.79
CWT,12.5,TRAE,litter,1,8.04,9.26
CWT,12.5,TRAE,litter,1,9.03,11.99
CWT,12.5,TRAE,litter,1,10.22,7.98
HBR,5.5,ACSA,litter,1,0,100
HBR,5.5,ACSA,litter,1,1.02,59.39
HBR,5.5,ACSA,litter,1,2.05,41.15
HBR,5.5,ACSA,litter,1,3.03,26.72
HBR,5.5,ACSA,litter,1,3.99,32.51
HBR,5.5,ACSA,litter,1,5,25.1
HBR,5.5,ACSA,litter,1,6,23.14
HBR,5.5,ANGE,root,0.1,0,100
HBR,5.5,ANGE,root,0.1,1.02,65.24
HBR,5.5,ANGE,root,0.1,2.05,31.4
HBR,5.5,ANGE,root,0.1,3.03,31.08
HBR,5.5,ANGE,root,0.1,3.99,30.48
HBR,5.5,ANGE,root,0.1,5,20.01
HBR,5.5,ANGE,root,0.1,6,10.88
HBR,5.5,BELU,litter,1,0,100
HBR,5.5,BELU,litter,1,5,24.38
HBR,5.5,CONU,litter,1,0,100
HBR,5.5,CONU,litter,1,6,1.13
HBR,5.5,DRGL,root,0.1,0,100
HBR,5.5,DRGL,root,0.1,1.02,66
HBR,5.5,DRGL,root,0.1,2.05,57.71
HBR,5.5,DRGL,root,0.1,3.03,43.7
HBR,5.5,DRGL,root,0.1,3.99,35.3
HBR,5.5,DRGL,root,0.1,5,34.7
HBR,5.5,DRGL,root,0.1,6,21.77
HBR,5.5,DRGL,litter,1,0,100
HBR,5.5,DRGL,litter,1,1.02,37.17
HBR,5.5,DRGL,litter,1,2.05,30.06
HBR,5.5,DRGL,litter,1,3.03,17.76
HBR,5.5,DRGL,litter,1,3.99,19.25
HBR,5.5,DRGL,litter,1,5,12.58
HBR,5.5,DRGL,litter,1,6,9.49
HBR,5.5,KOMY,litter,1,0,100
HBR,5.5,KOMY,litter,1,3.99,12.72
HBR,5.5,MYCE,litter,1,0,100
HBR,5.5,MYCE,litter,1,1.02,56.42
HBR,5.5,PIEL,root,0.1,0,100
HBR,5.5,PIEL,root,0.1,1.02,77.39
HBR,5.5,PIEL,root,0.1,2.05,69.73
HBR,5.5,PIEL,root,0.1,3.03,67.88
HBR,5.5,PIEL,root,0.1,3.99,61.1
HBR,5.5,PIEL,root,0.1,5,60.21
HBR,5.5,PIEL,root,0.1,6,44.54
HBR,5.5,PIEL,litter,1,0,100
HBR,5.5,PIEL,litter,1,3.03,56.74
HBR,5.5,PIRE,litter,1,0,100
HBR,5.5,PIRE,litter,1,1.02,78.81
HBR,5.5,PIRE,litter,1,2.05,65.86
HBR,5.5,PIRE,litter,1,3.03,42.98
HBR,5.5,PIRE,litter,1,3.99,25.5
HBR,5.5,PIRE,litter,1,5,28.91
HBR,5.5,PIRE,litter,1,6,13.04
HBR,5.5,QUPR,litter,1,0,100
HBR,5.5,QUPR,litter,1,1.02,65.14
HBR,5.5,QUPR,litter,1,2.05,45.19
HBR,5.5,QUPR,litter,1,3.03,14.91
HBR,5.5,QUPR,litter,1,3.99,15.49
HBR,5.5,QUPR,litter,1,5,15.43
HBR,5.5,QUPR,litter,1,6,14.94
HBR,5.5,THPL,litter,1,0,100
HBR,5.5,THPL,litter,1,1.02,68.31
HBR,5.5,THPL,litter,1,2.05,60.79
HBR,5.5,THPL,litter,1,3.03,40.06
HBR,5.5,THPL,litter,1,3.99,29.85
HBR,5.5,THPL,litter,1,5,22.87
HBR,5.5,THPL,litter,1,6,23.48
HBR,5.5,TRAE,litter,1,0,100
HBR,5.5,TRAE,litter,1,1.02,61.63
HBR,5.5,TRAE,litter,1,2.05,38.87
HBR,5.5,TRAE,litter,1,3.03,35.62
HBR,5.5,TRAE,litter,1,3.99,16.23
HBR,5.5,TRAE,litter,1,5,18.87
HBR,5.5,TRAE,litter,1,6,8.78
HBR,5.5,VOFE,litter,1,0,100
HBR,5.5,VOFE,litter,1,2.05,82.12
HFR,6.8,ACSA,litter,1,0,100
HFR,6.8,ACSA,litter,1,1.01,47.4
HFR,6.8,ACSA,litter,1,1.98,25.68
HFR,6.8,ACSA,litter,1,2.97,26.75
HFR,6.8,ACSA,litter,1,3.98,24.89
HFR,6.8,ACSA,litter,1,4.99,18.74
HFR,6.8,ACSA,litter,1,6.01,17.81
HFR,6.8,ACSA,litter,1,6.99,24.49
HFR,6.8,ACSA,litter,1,7.97,22.8
HFR,6.8,ACSA,litter,1,8.98,19.24
HFR,6.8,ACSA,litter,1,10.03,10.42
HFR,6.8,ANGE,root,0.1,0,100
HFR,6.8,ANGE,root,0.1,1.01,68.91
HFR,6.8,ANGE,root,0.1,1.98,37.04
HFR,6.8,ANGE,root,0.1,2.97,38.58
HFR,6.8,ANGE,root,0.1,3.98,30.78
HFR,6.8,ANGE,root,0.1,4.97,28.34
HFR,6.8,ANGE,root,0.1,6.02,21.01
HFR,6.8,ANGE,root,0.1,7,18.56
HFR,6.8,ANGE,root,0.1,7.97,14.26
HFR,6.8,ANGE,root,0.1,8.98,14.59
HFR,6.8,ANGE,root,0.1,10.03,16.42
HFR,6.8,ANSC,litter,1,0,100
HFR,6.8,ANSC,litter,1,4.97,17.03
HFR,6.8,BOGR,litter,1,0,100
HFR,6.8,BOGR,litter,1,1.01,51.43
HFR,6.8,CEGR,litter,1,0,100
HFR,6.8,CEGR,litter,1,8.99,17.05
HFR,6.8,CONU,litter,1,0,100
HFR,6.8,CONU,litter,1,2.97,11.01
HFR,6.8,DRGL,root,0.1,0,100
HFR,6.8,DRGL,root,0.1,1.01,66.46
HFR,6.8,DRGL,root,0.1,1.98,56.43
HFR,6.8,DRGL,root,0.1,2.97,38.46
HFR,6.8,DRGL,root,0.1,3.98,37.85
HFR,6.8,DRGL,root,0.1,4.97,36.93
HFR,6.8,DRGL,root,0.1,6.02,29.58
HFR,6.8,DRGL,root,0.1,7,20.45
HFR,6.8,DRGL,root,0.1,7.97,31
HFR,6.8,DRGL,root,0.1,8.98,22.8
HFR,6.8,DRGL,root,0.1,10.03,19.83
HFR,6.8,DRGL,litter,1,0,100
HFR,6.8,DRGL,litter,1,1.01,43.43
HFR,6.8,DRGL,litter,1,1.98,24.5
HFR,6.8,DRGL,litter,1,2.97,19.17
HFR,6.8,DRGL,litter,1,3.98,20.05
HFR,6.8,DRGL,litter,1,4.97,13.28
HFR,6.8,DRGL,litter,1,6.02,11.8
HFR,6.8,DRGL,litter,1,6.99,7.6
HFR,6.8,DRGL,litter,1,7.97,13.36
HFR,6.8,DRGL,litter,1,8.98,11.5
HFR,6.8,DRGL,litter,1,10.03,11.14
HFR,6.8,LATR,litter,1,0,100
HFR,6.8,LATR,litter,1,3.98,27.93
HFR,6.8,LATR,litter,1,6.02,26.48
HFR,6.8,PIEL,root,0.1,0,100
HFR,6.8,PIEL,root,0.1,1.01,76.82
HFR,6.8,PIEL,root,0.1,1.98,69.03
HFR,6.8,PIEL,root,0.1,2.97,66.24
HFR,6.8,PIEL,root,0.1,3.98,58.91
HFR,6.8,PIEL,root,0.1,4.97,61.42
HFR,6.8,PIEL,root,0.1,6.02,62.11
HFR,6.8,PIEL,root,0.1,7,63.58
HFR,6.8,PIEL,root,0.1,7.97,57.74
HFR,6.8,PIEL,root,0.1,8.98,54.67
HFR,6.8,PIEL,root,0.1,10.03,47.59
HFR,6.8,PIRE,litter,1,0,100
HFR,6.8,PIRE,litter,1,1.01,78.82
HFR,6.8,PIRE,litter,1,1.98,64.5
HFR,6.8,PIRE,litter,1,2.97,47.28
HFR,6.8,PIRE,litter,1,3.98,32.72
HFR,6.8,PIRE,litter,1,4.97,27.87
HFR,6.8,PIRE,litter,1,6.02,27.89
HFR,6.8,PIRE,litter,1,6.99,28.49
HFR,6.8,PIRE,litter,1,7.97,26.89
HFR,6.8,PIRE,litter,1,8.98,27.74
HFR,6.8,PIRE,litter,1,10.03,26
HFR,6.8,PIST,litter,1,0,100
HFR,6.8,PIST,litter,1,10.03,19.21
HFR,6.8,POTR,litter,1,0,100
HFR,6.8,POTR,litter,1,6.99,20.3
HFR,6.8,QUPR,litter,1,0,100
HFR,6.8,QUPR,litter,1,1.01,58.72
HFR,6.8,QUPR,litter,1,1.98,34.68
HFR,6.8,QUPR,litter,1,2.98,18.28
HFR,6.8,QUPR,litter,1,3.98,18.34
HFR,6.8,QUPR,litter,1,4.97,12.82
HFR,6.8,QUPR,litter,1,6.02,15.12
HFR,6.8,QUPR,litter,1,7,12.97
HFR,6.8,QUPR,litter,1,7.97,12
HFR,6.8,QUPR,litter,1,8.98,14.96
HFR,6.8,QUPR,litter,1,10.03,12.03
HFR,6.8,SPAL,litter,1,0,100
HFR,6.8,SPAL,litter,1,1.98,35.89
HFR,6.8,THPL,litter,1,0,100
HFR,6.8,THPL,litter,1,1.01,76.36
HFR,6.8,THPL,litter,1,1.98,52.21
HFR,6.8,THPL,litter,1,2.97,48.05
HFR,6.8,THPL,litter,1,3.98,38.83
HFR,6.8,THPL,litter,1,4.97,26.77
HFR,6.8,THPL,litter,1,6.02,23.71
HFR,6.8,THPL,litter,1,7,27.74
HFR,6.8,THPL,litter,1,7.97,19.98
HFR,6.8,THPL,litter,1,8.98,22.84
HFR,6.8,THPL,litter,1,10.03,18.57
HFR,6.8,TRAE,litter,1,0,100
HFR,6.8,TRAE,litter,1,1.01,65.21
HFR,6.8,TRAE,litter,1,1.98,53.91
HFR,6.8,TRAE,litter,1,2.97,27.93
HFR,6.8,TRAE,litter,1,3.98,27.37
HFR,6.8,TRAE,litter,1,4.97,23.26
HFR,6.8,TRAE,litter,1,6.02,14.86
HFR,6.8,TRAE,litter,1,6.99,17.25
HFR,6.8,TRAE,litter,1,7.96,17
HFR,6.8,TRAE,litter,1,8.99,17.88
HFR,6.8,TRAE,litter,1,10.03,13.19
HFR,6.8,VOFE,litter,1,0,100
HFR,6.8,VOFE,litter,1,7.97,68.82
AND,9.3,ACSA,litter,1,0,100
AND,9.3,ACSA,litter,1,0.99,70.8
AND,9.3,ACSA,litter,1,1.99,53.45
AND,9.3,ACSA,litter,1,3.01,41.85
AND,9.3,ACSA,litter,1,4.02,35.2
AND,9.3,ACSA,litter,1,5.02,36.58
AND,9.3,ACSA,litter,1,6.01,26.19
AND,9.3,ACSA,litter,1,7,30.1
AND,9.3,ACSA,litter,1,8.04,20.26
AND,9.3,ACSA,litter,1,9,21.17
AND,9.3,ACSA,litter,1,10.03,19.98
AND,9.3,ACSA,litter,7,0,100
AND,9.3,ACSA,litter,7,0.99,67.64
AND,9.3,ACSA,litter,7,1.99,65.8
AND,9.3,ANGE,root,0.1,0,100
AND,9.3,ANGE,root,0.1,0.99,72.32
AND,9.3,ANGE,root,0.1,1.99,46.07
AND,9.3,ANGE,root,0.1,3.01,47.72
AND,9.3,ANGE,root,0.1,4.02,40.4
AND,9.3,ANGE,root,0.1,5.02,27.26
AND,9.3,ANGE,root,0.1,6.01,26.16
AND,9.3,ANGE,root,0.1,7,24.9
AND,9.3,ANGE,root,0.1,8.04,18.95
AND,9.3,ANGE,root,0.1,9,22.6
AND,9.3,ANGE,root,0.1,10.03,19.04
AND,9.3,BELU,litter,1,0,100
AND,9.3,BELU,litter,1,4.02,55.84
AND,9.3,BOGR,litter,1,0,100
AND,9.3,BOGR,litter,1,7,26.04
AND,9.3,CEGR,litter,1,0,100
AND,9.3,CEGR,litter,1,1.99,53.1
AND,9.3,DRGL,root,0.1,0,100
AND,9.3,DRGL,root,0.1,0.99,81.38
AND,9.3,DRGL,root,0.1,1.99,66.86
AND,9.3,DRGL,root,0.1,3.01,41.83
AND,9.3,DRGL,root,0.1,4.02,35.24
AND,9.3,DRGL,root,0.1,5.02,34.35
AND,9.3,DRGL,root,0.1,6.01,30.8
AND,9.3,DRGL,root,0.1,7,32.83
AND,9.3,DRGL,root,0.1,8.04,23.46
AND,9.3,DRGL,root,0.1,9,29.37
AND,9.3,DRGL,root,0.1,10.03,15.6
AND,9.3,DRGL,litter,1,0,100
AND,9.3,DRGL,litter,1,0.99,51.86
AND,9.3,DRGL,litter,1,1.99,43.24
AND,9.3,DRGL,litter,1,3.01,28.23
AND,9.3,DRGL,litter,1,4.02,25.58
AND,9.3,DRGL,litter,1,5.02,21.76
AND,9.3,DRGL,litter,1,6.01,13.69
AND,9.3,DRGL,litter,1,7,21.05
AND,9.3,DRGL,litter,1,8.04,12.29
AND,9.3,DRGL,litter,1,9,11.64
AND,9.3,DRGL,litter,1,10.03,5.89
AND,9.3,MYCE,litter,1,0,100
AND,9.3,MYCE,litter,1,10.03,15.17
AND,9.3,PIEL,root,0.1,0,100
AND,9.3,PIEL,root,0.1,0.99,81.47
AND,9.3,PIEL,root,0.1,1.99,74.42
AND,9.3,PIEL,root,0.1,3.01,65.17
AND,9.3,PIEL,root,0.1,4.02,61.31
AND,9.3,PIEL,root,0.1,5.02,51.91
AND,9.3,PIEL,root,0.1,6.01,47.9
AND,9.3,PIEL,root,0.1,7,43.27
AND,9.3,PIEL,root,0.1,8.04,46.81
AND,9.3,PIEL,root,0.1,9,50.25
AND,9.3,PIEL,root,0.1,10.03,44.13
AND,9.3,PIRE,litter,1,0,100
AND,9.3,PIRE,litter,1,0.99,85.09
AND,9.3,PIRE,litter,1,1.99,73.5
AND,9.3,PIRE,litter,1,3.01,58.92
AND,9.3,PIRE,litter,1,4.02,43.19
AND,9.3,PIRE,litter,1,5.02,44.01
AND,9.3,PIRE,litter,1,6.01,57.36
AND,9.3,PIRE,litter,1,7,32.22
AND,9.3,PIRE,litter,1,8.04,28.26
AND,9.3,PIRE,litter,1,9,27.23
AND,9.3,PIRE,litter,1,10.03,21.92
AND,9.3,PIST,litter,1,0,100
AND,9.3,PIST,litter,1,0.99,80.77
AND,9.3,PIST,litter,1,9,24.74
AND,9.3,POTR,litter,1,0,100
AND,9.3,POTR,litter,1,8.04,35.55
AND,9.3,PSME,litter,1,0,100
AND,9.3,PSME,litter,1,5.02,38.35
AND,9.3,QUPR,litter,1,0,100
AND,9.3,QUPR,litter,1,0.99,70.2
AND,9.3,QUPR,litter,1,1.99,44
AND,9.3,QUPR,litter,1,3.01,38.3
AND,9.3,QUPR,litter,1,4.02,30.2
AND,9.3,QUPR,litter,1,5.02,25.96
AND,9.3,QUPR,litter,1,6.01,24.26
AND,9.3,QUPR,litter,1,7,26.5
AND,9.3,QUPR,litter,1,8.04,24.44
AND,9.3,QUPR,litter,1,9,21.47
AND,9.3,QUPR,litter,1,10.03,20.28
AND,9.3,RHMA,litter,1,0,100
AND,9.3,RHMA,litter,1,0.99,76.27
AND,9.3,RHMA,litter,1,1.99,66.35
AND,9.3,RHMA,litter,7,0,100
AND,9.3,RHMA,litter,7,0.99,76.34
AND,9.3,RHMA,litter,7,1.99,65.79
AND,9.3,SPAL,litter,1,0,100
AND,9.3,SPAL,litter,1,3.01,47.38
AND,9.3,SPAL,litter,1,6.01,36.98
AND,9.3,THPL,litter,1,0,100
AND,9.3,THPL,litter,1,0.99,76.93
AND,9.3,THPL,litter,1,1.99,68.24
AND,9.3,THPL,litter,1,3.01,59.95
AND,9.3,THPL,litter,1,4.02,54.14
AND,9.3,THPL,litter,1,5.02,44.38
AND,9.3,THPL,litter,1,6.01,39.75
AND,9.3,THPL,litter,1,7,33.01
AND,9.3,THPL,litter,1,8.04,27.69
AND,9.3,THPL,litter,1,9,26.7
AND,9.3,THPL,litter,1,10.03,25.99
AND,9.3,TRAE,litter,1,0,100
AND,9.3,TRAE,litter,1,0.99,77.41
AND,9.3,TRAE,litter,1,1.99,71.63
AND,9.3,TRAE,litter,1,3.01,56.16
AND,9.3,TRAE,litter,1,4.02,52.14
AND,9.3,TRAE,litter,1,5.02,38.09
AND,9.3,TRAE,litter,1,6.01,30.25
AND,9.3,TRAE,litter,1,7,26.75
AND,9.3,TRAE,litter,1,8.04,20.47
AND,9.3,TRAE,litter,1,9,21.04
AND,9.3,TRAE,litter,1,10.03,20.59
AND,9.3,TRAE,litter,7,0,100
AND,9.3,TRAE,litter,7,0.99,82.61
AND,9.3,TRAE,litter,7,1.99,74.48
NLK,4.4,ACSA,litter,1,0,100
NLK,4.4,ACSA,litter,1,1.03,66.38
NLK,4.4,ACSA,litter,1,2.08,50.99
NLK,4.4,ANGE,root,0.1,0,100
NLK,4.4,ANGE,root,0.1,1.03,56.57
NLK,4.4,ANGE,root,0.1,2.08,55.66
NLK,4.4,ANGE,litter,1,0,100
NLK,4.4,ANGE,litter,1,2.08,60.59
NLK,4.4,DRGL,root,0.1,0,100
NLK,4.4,DRGL,root,0.1,1.03,69.41
NLK,4.4,DRGL,root,0.1,2.08,63.96
NLK,4.4,DRGL,litter,1,0,100
NLK,4.4,DRGL,litter,1,1.03,58.25
NLK,4.4,DRGL,litter,1,2.08,45.69
NLK,4.4,PIEL,root,0.1,0,100
NLK,4.4,PIEL,root,0.1,1.03,87.48
NLK,4.4,PIEL,root,0.1,2.08,78.47
NLK,4.4,PIRE,litter,1,0,100
NLK,4.4,PIRE,litter,1,1.03,86.64
NLK,4.4,PIRE,litter,1,2.08,75.22
NLK,4.4,QUPR,litter,1,0,100
NLK,4.4,QUPR,litter,1,1.03,76.25
NLK,4.4,QUPR,litter,1,2.08,68.45
NLK,4.4,RHMA,litter,1,0,100
NLK,4.4,RHMA,litter,1,1.03,84.22
NLK,4.4,THPL,litter,1,0,100
NLK,4.4,THPL,litter,1,1.03,83.84
NLK,4.4,THPL,litter,1,2.08,68.49
NLK,4.4,TRAE,litter,1,0,100
NLK,4.4,TRAE,litter,1,1.03,72.77
NLK,4.4,TRAE,litter,1,2.08,65.46
OLY,9.5,ACSA,litter,1,0,100
OLY,9.5,ACSA,litter,1,1.01,53.03
OLY,9.5,ACSA,litter,1,2,39.56
OLY,9.5,ACSA,litter,1,3.01,41.34
OLY,9.5,ACSA,litter,1,4,35.42
OLY,9.5,ACSA,litter,1,5,30.8
OLY,9.5,ACSA,litter,1,6.02,26.58
OLY,9.5,ACSA,litter,1,6.99,16.15
OLY,9.5,ACSA,litter,1,7.99,22.42
OLY,9.5,ACSA,litter,1,8.99,19.48
OLY,9.5,ANGE,root,0.1,0,100
OLY,9.5,ANGE,root,0.1,1.01,46.28
OLY,9.5,ANGE,root,0.1,2,25.06
OLY,9.5,ANGE,root,0.1,3.01,22.48
OLY,9.5,ANGE,root,0.1,4,29.99
OLY,9.5,ANGE,root,0.1,5,24.71
OLY,9.5,ANGE,root,0.1,6.02,20.67
OLY,9.5,ANGE,root,0.1,6.99,7.51
OLY,9.5,ANGE,root,0.1,7.99,15.55
OLY,9.5,ANGE,root,0.1,8.99,6.79
OLY,9.5,ANGE,root,0.1,10.02,18.32
OLY,9.5,BOER,litter,1,0,100
OLY,9.5,BOER,litter,1,6.99,17.2
OLY,9.5,BOGR,litter,1,0,100
OLY,9.5,BOGR,litter,1,6.02,26.21
OLY,9.5,CEGR,litter,1,0,100
OLY,9.5,CEGR,litter,1,1.01,54.16
OLY,9.5,DRGL,root,0.1,0,100
OLY,9.5,DRGL,root,0.1,1.01,49.84
OLY,9.5,DRGL,root,0.1,2,56.23
OLY,9.5,DRGL,root,0.1,3.01,41.13
OLY,9.5,DRGL,root,0.1,4,42.13
OLY,9.5,DRGL,root,0.1,5,30.89
OLY,9.5,DRGL,root,0.1,6.02,31.06
OLY,9.5,DRGL,root,0.1,6.99,19.57
OLY,9.5,DRGL,root,0.1,7.99,35.74
OLY,9.5,DRGL,root,0.1,8.99,25.38
OLY,9.5,DRGL,root,0.1,10.02,22.99
OLY,9.5,DRGL,litter,1,0,100
OLY,9.5,DRGL,litter,1,1.01,42.61
OLY,9.5,DRGL,litter,1,2,23.1
OLY,9.5,DRGL,litter,1,3.01,18.04
OLY,9.5,DRGL,litter,1,4,15.75
OLY,9.5,DRGL,litter,1,5,8.96
OLY,9.5,DRGL,litter,1,6.02,11.96
OLY,9.5,DRGL,litter,1,6.99,2.28
OLY,9.5,DRGL,litter,1,7.99,10.76
OLY,9.5,DRGL,litter,1,8.99,8.29
OLY,9.5,FAGR,litter,1,0,100
OLY,9.5,FAGR,litter,1,4,49.6
OLY,9.5,FAGR,litter,1,5,53.76
OLY,9.5,LATR,litter,1,0,100
OLY,9.5,LATR,litter,1,3.01,13.93
OLY,9.5,MYCE,litter,1,0,100
OLY,9.5,MYCE,litter,1,7.99,34.26
OLY,9.5,PIEL,root,0.1,0,100
OLY,9.5,PIEL,root,0.1,1.01,76.05
OLY,9.5,PIEL,root,0.1,2,69.66
OLY,9.5,PIEL,root,0.1,3.01,59.93
OLY,9.5,PIEL,root,0.1,4,60.94
OLY,9.5,PIEL,root,0.1,5,51.6
OLY,9.5,PIEL,root,0.1,6.02,49.19
OLY,9.5,PIEL,root,0.1,6.99,37.12
OLY,9.5,PIEL,root,0.1,7.99,41.81
OLY,9.5,PIEL,root,0.1,8.99,34.6
OLY,9.5,PIEL,root,0.1,10.02,37.57
OLY,9.5,PIEL,litter,1,0,100
OLY,9.5,PIEL,litter,1,2,70.76
OLY,9.5,PIRE,litter,1,0,100
OLY,9.5,PIRE,litter,1,1.01,73.43
OLY,9.5,PIRE,litter,1,2,60.01
OLY,9.5,PIRE,litter,1,3.01,38.18
OLY,9.5,PIRE,litter,1,4,40.22
OLY,9.5,PIRE,litter,1,5,39.5
OLY,9.5,PIRE,litter,1,6.02,38.06
OLY,9.5,PIRE,litter,1,6.99,31.27
OLY,9.5,PIRE,litter,1,7.99,25.56
OLY,9.5,PIRE,litter,1,8.99,27.01
OLY,9.5,QUPR,litter,1,0,100
OLY,9.5,QUPR,litter,1,1.01,61.14
OLY,9.5,QUPR,litter,1,2,47.85
OLY,9.5,QUPR,litter,1,3.01,42.04
OLY,9.5,QUPR,litter,1,4,33.11
OLY,9.5,QUPR,litter,1,5,29.2
OLY,9.5,QUPR,litter,1,6.02,27.8
OLY,9.5,QUPR,litter,1,6.99,18.68
OLY,9.5,QUPR,litter,1,7.99,24.06
OLY,9.5,QUPR,litter,1,8.99,15.22
OLY,9.5,RHMA,litter,1,0,100
OLY,9.5,RHMA,litter,1,8.99,13.42
OLY,9.5,THPL,litter,1,0,100
OLY,9.5,THPL,litter,1,1.01,69.34
OLY,9.5,THPL,litter,1,2,64.01
OLY,9.5,THPL,litter,1,3.01,43.31
OLY,9.5,THPL,litter,1,4,40.33
OLY,9.5,THPL,litter,1,5,40.54
OLY,9.5,THPL,litter,1,6.02,45.06
OLY,9.5,THPL,litter,1,6.99,14.43
OLY,9.5,THPL,litter,1,7.99,23.21
OLY,9.5,THPL,litter,1,8.99,16.11
OLY,9.5,TRAE,litter,1,0,100
OLY,9.5,TRAE,litter,1,1.01,78.83
OLY,9.5,TRAE,litter,1,2,60.69
OLY,9.5,TRAE,litter,1,3.01,47.83
OLY,9.5,TRAE,litter,1,4,36.29
OLY,9.5,TRAE,litter,1,5,28.79
OLY,9.5,TRAE,litter,1,6.02,22.41
OLY,9.5,TRAE,litter,1,6.99,9.22
OLY,9.5,TRAE,litter,1,7.99,23.43
OLY,9.5,TRAE,litter,1,8.99,6.36
BSF,14.5,ABCO,litter,1,0,100
BSF,14.5,ABCO,litter,1,0.93,76.43
BSF,14.5,ACSA,litter,1,0,100
BSF,14.5,ACSA,litter,1,0.93,71.67
BSF,14.5,ACSA,litter,1,1.8,73.85
BSF,14.5,ACSA,litter,1,2.82,58.08
BSF,14.5,ACSA,litter,1,3.77,57.06
BSF,14.5,ACSA,litter,1,4.81,51.93
BSF,14.5,ACSA,litter,1,5.68,53.68
BSF,14.5,ACSA,litter,1,6.83,45.31
BSF,14.5,ACSA,litter,1,7.69,48.22
BSF,14.5,ACSA,litter,1,8.82,39.61
BSF,14.5,ACSA,litter,1,9.75,50.32
BSF,14.5,ANGE,root,0.1,0,100
BSF,14.5,ANGE,root,0.1,0.93,50.54
BSF,14.5,ANGE,root,0.1,1.8,71.68
BSF,14.5,ANGE,root,0.1,2.82,59.29
BSF,14.5,ANGE,root,0.1,3.77,43.57
BSF,14.5,ANGE,root,0.1,4.81,41.88
BSF,14.5,ANGE,root,0.1,5.68,44.65
BSF,14.5,ANGE,root,0.1,7.69,41.02
BSF,14.5,ANGE,root,0.1,9.75,40.18
BSF,14.5,ANGE,litter,1,0,100
BSF,14.5,ANGE,litter,1,2.82,75.25
BSF,14.5,ANGE,litter,1,9.75,48.66
BSF,14.5,BOGR,litter,1,0,100
BSF,14.5,BOGR,litter,1,4.81,36.7
BSF,14.5,CONU,litter,1,0,100
BSF,14.5,CONU,litter,1,7.69,17.9
BSF,14.5,CONU,litter,1,9.75,24.45
BSF,14.5,DRGL,root,0.1,0,100
BSF,14.5,DRGL,root,0.1,0.93,81.16
BSF,14.5,DRGL,root,0.1,1.8,64.65
BSF,14.5,DRGL,root,0.1,2.82,58.14
BSF,14.5,DRGL,root,0.1,3.77,53.7
BSF,14.5,DRGL,root,0.1,4.81,56.7
BSF,14.5,DRGL,root,0.1,5.68,50.29
BSF,14.5,DRGL,root,0.1,6.83,48.2
BSF,14.5,DRGL,root,0.1,7.69,59.37
BSF,14.5,DRGL,root,0.1,8.82,51.79
BSF,14.5,DRGL,root,0.1,9.75,49.27
BSF,14.5,DRGL,litter,1,0,100
BSF,14.5,DRGL,litter,1,0.93,62
BSF,14.5,DRGL,litter,1,1.8,61.23
BSF,14.5,DRGL,litter,1,2.82,51.74
BSF,14.5,DRGL,litter,1,3.77,44.78
BSF,14.5,DRGL,litter,1,4.81,35
BSF,14.5,DRGL,litter,1,5.68,35
BSF,14.5,DRGL,litter,1,6.83,35
BSF,14.5,DRGL,litter,1,7.69,28
BSF,14.5,DRGL,litter,1,8.82,27
BSF,14.5,DRGL,litter,1,9.75,24
BSF,14.5,FAGR,litter,1,0,100
BSF,14.5,FAGR,litter,1,6.83,62.11
BSF,14.5,PIEL,root,0.1,NA,NA
BSF,14.5,PIEL,litter,1,0,100
BSF,14.5,PIEL,litter,1,0.93,96.54
BSF,14.5,PIEL,litter,1,1.8,94.11
BSF,14.5,PIEL,litter,1,2.82,90.01
BSF,14.5,PIEL,litter,1,3.77,83.65
BSF,14.5,PIEL,litter,1,4.81,76.83
BSF,14.5,PIEL,litter,1,5.68,70.65
BSF,14.5,PIEL,litter,1,6.83,71.74
BSF,14.5,PIEL,litter,1,7.69,66.24
BSF,14.5,PIEL,litter,1,8.82,71.57
BSF,14.5,PIEL,litter,1,9.75,64.77
BSF,14.5,PINE,root,0.1,0,100
BSF,14.5,PINE,root,0.1,0.93,89.85
BSF,14.5,PINE,root,0.1,1.8,83.72
BSF,14.5,PINE,root,0.1,2.82,79.03
BSF,14.5,PINE,root,0.1,3.77,68.77
BSF,14.5,PINE,root,0.1,4.81,62.52
BSF,14.5,PINE,root,0.1,5.68,68.91
BSF,14.5,PINE,root,0.1,7.69,62.46
BSF,14.5,PINE,root,0.1,9.75,55.64
BSF,14.5,PIRE,root,0.1,NA,NA
BSF,14.5,QUPR,litter,1,0,100
BSF,14.5,QUPR,litter,1,0.93,85.15
BSF,14.5,QUPR,litter,1,1.8,76.59
BSF,14.5,QUPR,litter,1,2.82,71.96
BSF,14.5,QUPR,litter,1,3.77,59.38
BSF,14.5,QUPR,litter,1,4.81,65
BSF,14.5,QUPR,litter,1,5.68,64.7
BSF,14.5,QUPR,litter,1,6.83,51.6
BSF,14.5,QUPR,litter,1,7.69,51.05
BSF,14.5,QUPR,litter,1,8.82,49.67
BSF,14.5,QUPR,litter,1,9.75,49
BSF,14.5,SPAL,litter,1,0,100
BSF,14.5,SPAL,litter,1,8.82,43.74
BSF,14.5,THPL,litter,1,0,100
BSF,14.5,THPL,litter,1,0.93,85.69
BSF,14.5,THPL,litter,1,1.8,81.14
BSF,14.5,THPL,litter,1,2.82,74.23
BSF,14.5,THPL,litter,1,3.77,67.41
BSF,14.5,THPL,litter,1,4.81,67.74
BSF,14.5,THPL,litter,1,5.68,57.09
BSF,14.5,THPL,litter,1,6.83,52.32
BSF,14.5,THPL,litter,1,7.69,61.87
BSF,14.5,THPL,litter,1,8.82,55.68
BSF,14.5,THPL,litter,1,9.75,50.87
BSF,14.5,TRAE,litter,1,0,100
BSF,14.5,TRAE,litter,1,0.93,76.55
BSF,14.5,TRAE,litter,1,1.8,76.16
BSF,14.5,TRAE,litter,1,2.82,68.99
BSF,14.5,TRAE,litter,1,3.77,59.06
BSF,14.5,TRAE,litter,1,4.81,51
BSF,14.5,TRAE,litter,1,5.68,44.38
BSF,14.5,TRAE,litter,1,6.83,34.49
BSF,14.5,TRAE,litter,1,7.69,40.24
BSF,14.5,TRAE,litter,1,8.82,36.3
BSF,14.5,TRAE,litter,1,9.75,34
BSF,14.5,VOFE,litter,1,0,100
BSF,14.5,VOFE,litter,1,3.77,87.03
UFL,21.2,ACSA,litter,1,0,100
UFL,21.2,ACSA,litter,1,1,58.25
UFL,21.2,ACSA,litter,1,1.98,42.26
UFL,21.2,ACSA,litter,1,3.03,40.79
UFL,21.2,ACSA,litter,1,4.01,41.05
UFL,21.2,ACSA,litter,1,4.97,25.88
UFL,21.2,ACSA,litter,1,6.02,31.81
UFL,21.2,ACSA,litter,1,7.04,19.1
UFL,21.2,ACSA,litter,1,8.03,18.5
UFL,21.2,ACSA,litter,1,9.03,18.54
UFL,21.2,ACSA,litter,1,10.03,16.55
UFL,21.2,ANGE,root,0.1,0,100
UFL,21.2,ANGE,root,0.1,1,50.27
UFL,21.2,ANGE,root,0.1,1.98,38.52
UFL,21.2,ANGE,root,0.1,3.03,43.34
UFL,21.2,ANGE,root,0.1,4.01,15.97
UFL,21.2,ANGE,root,0.1,4.98,27.8
UFL,21.2,ANGE,root,0.1,6.02,16.7
UFL,21.2,ANGE,root,0.1,7.04,14.22
UFL,21.2,ANGE,root,0.1,8.03,10.7
UFL,21.2,ANGE,root,0.1,9.03,6.81
UFL,21.2,ANGE,root,0.1,10.04,3.29
UFL,21.2,BOER,litter,1,0,100
UFL,21.2,BOER,litter,1,6.02,29.03
UFL,21.2,BOER,litter,1,8.03,8.63
UFL,21.2,CEGR,litter,1,0,100
UFL,21.2,CEGR,litter,1,1.98,49.25
UFL,21.2,CEGR,litter,1,3.03,30
UFL,21.2,CONU,litter,1,0,100
UFL,21.2,CONU,litter,1,6.02,8.39
UFL,21.2,CONU,litter,1,7.04,8.51
UFL,21.2,DRGL,root,0.1,0,100
UFL,21.2,DRGL,root,0.1,1,58.95
UFL,21.2,DRGL,root,0.1,1.98,45.68
UFL,21.2,DRGL,root,0.1,3.03,37.75
UFL,21.2,DRGL,root,0.1,4.01,19.88
UFL,21.2,DRGL,root,0.1,4.98,20.99
UFL,21.2,DRGL,root,0.1,6.02,14.62
UFL,21.2,DRGL,root,0.1,7.04,12.66
UFL,21.2,DRGL,root,0.1,8.03,4.47
UFL,21.2,DRGL,root,0.1,9.03,7.86
UFL,21.2,DRGL,root,0.1,10.04,8.36
UFL,21.2,DRGL,litter,1,0,100
UFL,21.2,DRGL,litter,1,1,44.14
UFL,21.2,DRGL,litter,1,1.98,24.77
UFL,21.2,DRGL,litter,1,3.03,21.54
UFL,21.2,DRGL,litter,1,4.01,20.89
UFL,21.2,DRGL,litter,1,4.98,21.08
UFL,21.2,DRGL,litter,1,6.02,19.24
UFL,21.2,DRGL,litter,1,7.05,11.46
UFL,21.2,DRGL,litter,1,8.03,2.29
UFL,21.2,DRGL,litter,1,9.03,8.87
UFL,21.2,DRGL,litter,1,10.03,2.76
UFL,21.2,FAGR,litter,1,0,100
UFL,21.2,FAGR,litter,1,1.98,56.84
UFL,21.2,FAGR,litter,1,3.03,40.58
UFL,21.2,KOMY,litter,1,0,100
UFL,21.2,KOMY,litter,1,6.02,13.35
UFL,21.2,KOMY,litter,1,10.03,14.94
UFL,21.2,LITU,litter,1,0,100
UFL,21.2,LITU,litter,1,4.01,26.43
UFL,21.2,MYCE,litter,1,0,100
UFL,21.2,MYCE,litter,1,6.02,33.52
UFL,21.2,PIEL,root,0.1,0,100
UFL,21.2,PIEL,root,0.1,1,74.32
UFL,21.2,PIEL,root,0.1,1.98,56.96
UFL,21.2,PIEL,root,0.1,3.03,60.07
UFL,21.2,PIEL,root,0.1,4.01,43.74
UFL,21.2,PIEL,root,0.1,4.98,46.91
UFL,21.2,PIEL,root,0.1,6.02,40.06
UFL,21.2,PIEL,root,0.1,7.04,33.94
UFL,21.2,PIEL,root,0.1,8.03,13.9
UFL,21.2,PIEL,root,0.1,9.03,30.89
UFL,21.2,PIEL,root,0.1,10.03,34.81
UFL,21.2,PIEL,litter,1,0,100
UFL,21.2,PIEL,litter,1,1,83.64
UFL,21.2,PIRE,litter,1,0,100
UFL,21.2,PIRE,litter,1,1,79.25
UFL,21.2,PIRE,litter,1,1.98,62.37
UFL,21.2,PIRE,litter,1,3.03,40.58
UFL,21.2,PIRE,litter,1,4.01,28.15
UFL,21.2,PIRE,litter,1,4.98,37.37
UFL,21.2,PIRE,litter,1,6.02,38.61
UFL,21.2,PIRE,litter,1,7.04,26.21
UFL,21.2,PIRE,litter,1,8.03,24.92
UFL,21.2,PIRE,litter,1,9.03,28.24
UFL,21.2,PIRE,litter,1,10.03,NA
UFL,21.2,QUPR,litter,1,0,100
UFL,21.2,QUPR,litter,1,1,66.07
UFL,21.2,QUPR,litter,1,1.98,39.24
UFL,21.2,QUPR,litter,1,3.03,36.17
UFL,21.2,QUPR,litter,1,4.01,45.14
UFL,21.2,QUPR,litter,1,4.98,33.33
UFL,21.2,QUPR,litter,1,6.02,32.03
UFL,21.2,QUPR,litter,1,7.04,14.68
UFL,21.2,QUPR,litter,1,8.03,5.32
UFL,21.2,QUPR,litter,1,9.03,16.95
UFL,21.2,QUPR,litter,1,10.03,8.89
UFL,21.2,SPAL,litter,1,0,100
UFL,21.2,SPAL,litter,1,4.98,41.28
UFL,21.2,SPAL,litter,1,6.02,20.29
UFL,21.2,SPAL,litter,1,9.04,6.25
UFL,21.2,THPL,litter,1,0,100
UFL,21.2,THPL,litter,1,1,75.32
UFL,21.2,THPL,litter,1,1.98,27.42
UFL,21.2,THPL,litter,1,3.03,31.25
UFL,21.2,THPL,litter,1,4.01,28.22
UFL,21.2,THPL,litter,1,4.98,31.86
UFL,21.2,THPL,litter,1,6.02,27.74
UFL,21.2,THPL,litter,1,7.04,17.04
UFL,21.2,THPL,litter,1,8.03,6.37
UFL,21.2,THPL,litter,1,9.03,13.75
UFL,21.2,THPL,litter,1,10.03,21.5
UFL,21.2,TRAE,litter,1,0,100
UFL,21.2,TRAE,litter,1,1,54.17
UFL,21.2,TRAE,litter,1,1.98,45.42
UFL,21.2,TRAE,litter,1,3.03,21.9
UFL,21.2,TRAE,litter,1,4.01,14.69
UFL,21.2,TRAE,litter,1,4.98,20.21
UFL,21.2,TRAE,litter,1,6.02,27.08
UFL,21.2,TRAE,litter,1,7.04,11.69
UFL,21.2,TRAE,litter,1,8.03,2
UFL,21.2,TRAE,litter,1,9.03,4.7
UFL,21.2,TRAE,litter,1,10.03,6.28
GSF,22.5,ABCO,litter,1,0,100
GSF,22.5,ABCO,litter,1,2.02,73.46
GSF,22.5,ABLA,litter,1,0,100
GSF,22.5,ABLA,litter,1,1.02,70.65
GSF,22.5,ABLA,litter,1,1.36,70.51
GSF,22.5,ABLA,litter,1,3.34,53.78
GSF,22.5,ACSA,litter,1,0,100
GSF,22.5,ACSA,litter,1,0.34,83.62
GSF,22.5,ACSA,litter,1,0.67,71.49
GSF,22.5,ACSA,litter,1,1.02,64.47
GSF,22.5,ACSA,litter,1,1.36,76.72
GSF,22.5,ACSA,litter,1,1.68,68.41
GSF,22.5,ACSA,litter,1,2.02,75.05
GSF,22.5,ACSA,litter,1,2.31,65.58
GSF,22.5,ACSA,litter,1,2.66,54.25
GSF,22.5,ACSA,litter,1,3,51.81
GSF,22.5,ACSA,litter,1,3.34,52.16
GSF,22.5,ANGE,root,0.1,0,100
GSF,22.5,ANGE,root,0.1,0.34,72.13
GSF,22.5,ANGE,root,0.1,0.67,50.9
GSF,22.5,ANGE,root,0.1,1.02,21.33
GSF,22.5,ANGE,root,0.1,1.36,76.8
GSF,22.5,ANGE,root,0.1,2.02,42.82
GSF,22.5,ANGE,root,0.1,2.66,39.65
GSF,22.5,ANGE,root,0.1,3,15.29
GSF,22.5,ANGE,root,0.1,3.34,18.33
GSF,22.5,ANGE,litter,1,0,100
GSF,22.5,ANGE,litter,1,1.02,63.61
GSF,22.5,ANGE,litter,1,1.36,65.69
GSF,22.5,ANSC,litter,1,0,100
GSF,22.5,ANSC,litter,1,1.68,62.89
GSF,22.5,BELU,litter,1,0,100
GSF,22.5,BELU,litter,1,0.34,92.99
GSF,22.5,CEGR,litter,1,0,100
GSF,22.5,CEGR,litter,1,2.31,68.79
GSF,22.5,CEGR,litter,1,2.66,21.79
GSF,22.5,CEGR,litter,1,3,38.18
GSF,22.5,DRGL,root,0.1,0,100
GSF,22.5,DRGL,root,0.1,0.34,73.54
GSF,22.5,DRGL,root,0.1,0.67,60.58
GSF,22.5,DRGL,root,0.1,1.02,51.46
GSF,22.5,DRGL,root,0.1,1.36,69.37
GSF,22.5,DRGL,root,0.1,1.68,44.78
GSF,22.5,DRGL,root,0.1,2.02,62.68
GSF,22.5,DRGL,root,0.1,2.31,35.73
GSF,22.5,DRGL,root,0.1,2.66,47.75
GSF,22.5,DRGL,root,0.1,3,18.24
GSF,22.5,DRGL,root,0.1,3.34,10.71
GSF,22.5,DRGL,litter,1,0,100
GSF,22.5,DRGL,litter,1,0.34,78.76
GSF,22.5,DRGL,litter,1,0.67,53.45
GSF,22.5,DRGL,litter,1,1.02,38.13
GSF,22.5,DRGL,litter,1,1.36,46.5
GSF,22.5,DRGL,litter,1,1.68,48.87
GSF,22.5,DRGL,litter,1,2.02,44.96
GSF,22.5,DRGL,litter,1,2.31,44.53
GSF,22.5,DRGL,litter,1,2.66,38.17
GSF,22.5,DRGL,litter,1,3,26.83
GSF,22.5,DRGL,litter,1,3.34,35.4
GSF,22.5,LATR,litter,1,0,100
GSF,22.5,LATR,litter,1,2.66,50.56
GSF,22.5,LATR,litter,1,3,34.75
GSF,22.5,PIEL,litter,1,0,100
GSF,22.5,PIEL,litter,1,0.34,100.34
GSF,22.5,PIEL,litter,1,0.67,88.25
GSF,22.5,PIEL,litter,1,1.02,84.11
GSF,22.5,PIEL,litter,1,1.36,90.97
GSF,22.5,PIEL,litter,1,1.68,87.42
GSF,22.5,PIEL,litter,1,2.02,81.09
GSF,22.5,PIEL,litter,1,2.31,70.94
GSF,22.5,PIEL,litter,1,2.66,74.18
GSF,22.5,PIEL,litter,1,3,65.92
GSF,22.5,PIEL,litter,1,3.34,64.87
GSF,22.5,PIRE,root,0.1,0,100
GSF,22.5,PIRE,root,0.1,0.34,89.7
GSF,22.5,PIRE,root,0.1,0.67,79.69
GSF,22.5,PIRE,root,0.1,1.02,71.7
GSF,22.5,PIRE,root,0.1,1.36,68.33
GSF,22.5,PIRE,root,0.1,2.02,67.93
GSF,22.5,PIRE,root,0.1,2.31,85.18
GSF,22.5,PIRE,root,0.1,2.66,38.17
GSF,22.5,PIRE,root,0.1,3,22.94
GSF,22.5,PIRE,root,0.1,3.34,45.63
GSF,22.5,QUPR,litter,1,0,100
GSF,22.5,QUPR,litter,1,0.34,82.09
GSF,22.5,QUPR,litter,1,0.67,70.6
GSF,22.5,QUPR,litter,1,1.02,76.33
GSF,22.5,QUPR,litter,1,1.36,70.07
GSF,22.5,QUPR,litter,1,1.68,59.45
GSF,22.5,QUPR,litter,1,2.02,63.8
GSF,22.5,QUPR,litter,1,2.31,52.06
GSF,22.5,QUPR,litter,1,2.66,45.87
GSF,22.5,QUPR,litter,1,3,46.88
GSF,22.5,QUPR,litter,1,3.34,41.17
GSF,22.5,SPAL,litter,1,0,100
GSF,22.5,SPAL,litter,1,0.67,62.12
GSF,22.5,THPL,litter,1,0,100
GSF,22.5,THPL,litter,1,0.34,89.81
GSF,22.5,THPL,litter,1,0.67,76.69
GSF,22.5,THPL,litter,1,1.02,78.08
GSF,22.5,THPL,litter,1,1.36,76.94
GSF,22.5,THPL,litter,1,1.68,76.06
GSF,22.5,THPL,litter,1,2.02,80.53
GSF,22.5,THPL,litter,1,2.31,70.62
GSF,22.5,THPL,litter,1,2.66,64.15
GSF,22.5,THPL,litter,1,3,68.26
GSF,22.5,THPL,litter,1,3.34,57.11
GSF,22.5,TRAE,litter,1,0,100
GSF,22.5,TRAE,litter,1,0.34,82.29
GSF,22.5,TRAE,litter,1,0.67,60.66
GSF,22.5,TRAE,litter,1,1.02,65
GSF,22.5,TRAE,litter,1,1.36,56.32
GSF,22.5,TRAE,litter,1,1.68,61.12
GSF,22.5,TRAE,litter,1,2.02,38.65
GSF,22.5,TRAE,litter,1,2.31,38.95
GSF,22.5,TRAE,litter,1,2.66,34.3
GSF,22.5,TRAE,litter,1,3,15.18
LBS,25.6,ACSA,litter,1,0,100
LBS,25.6,ACSA,litter,1,0.23,62.58
LBS,25.6,ACSA,litter,1,0.62,26.73
LBS,25.6,ACSA,litter,1,0.81,39.82
LBS,25.6,ACSA,litter,1,1.15,35.98
LBS,25.6,ACSA,litter,1,1.4,38.82
LBS,25.6,ACSA,litter,1,2.09,25
LBS,25.6,ACSA,litter,1,2.65,16.49
LBS,25.6,ACSA,litter,1,3.23,18.8
LBS,25.6,ACSA,litter,1,3.74,7.63
LBS,25.6,ACSA,litter,1,4.4,13.2
LBS,25.6,ANGE,root,0.1,0,100
LBS,25.6,ANGE,root,0.1,0.23,70
LBS,25.6,ANGE,root,0.1,0.62,46.86
LBS,25.6,ANGE,root,0.1,0.81,41.89
LBS,25.6,ANGE,root,0.1,1.15,19.7
LBS,25.6,ANGE,root,0.1,1.4,28.96
LBS,25.6,ANGE,root,0.1,2.09,22.34
LBS,25.6,ANGE,root,0.1,2.65,6.4
LBS,25.6,ANGE,root,0.1,3.23,8.05
LBS,25.6,ANGE,root,0.1,3.74,10.14
LBS,25.6,ANGE,root,0.1,4.4,5.15
LBS,25.6,BOER,litter,1,0,100
LBS,25.6,BOER,litter,1,3.74,25.35
LBS,25.6,CONU,litter,1,0,100
LBS,25.6,CONU,litter,1,0.62,8.96
LBS,25.6,DRGL,root,0.1,0,100
LBS,25.6,DRGL,root,0.1,0.23,76.56
LBS,25.6,DRGL,root,0.1,0.62,52.13
LBS,25.6,DRGL,root,0.1,0.81,45.71
LBS,25.6,DRGL,root,0.1,1.15,42.91
LBS,25.6,DRGL,root,0.1,1.4,30.53
LBS,25.6,DRGL,root,0.1,2.09,20.55
LBS,25.6,DRGL,root,0.1,2.65,13.96
LBS,25.6,DRGL,root,0.1,3.23,10.21
LBS,25.6,DRGL,root,0.1,3.74,8.38
LBS,25.6,DRGL,root,0.1,4.4,11.58
LBS,25.6,DRGL,litter,1,0,100
LBS,25.6,DRGL,litter,1,0.23,39.79
LBS,25.6,DRGL,litter,1,0.62,11.71
LBS,25.6,DRGL,litter,1,0.81,14.19
LBS,25.6,DRGL,litter,1,1.15,12.49
LBS,25.6,DRGL,litter,1,1.4,10.77
LBS,25.6,DRGL,litter,1,2.09,12.99
LBS,25.6,DRGL,litter,1,2.65,6.08
LBS,25.6,DRGL,litter,1,3.23,16.52
LBS,25.6,DRGL,litter,1,3.74,6.87
LBS,25.6,DRGL,litter,1,4.4,9.97
LBS,25.6,KOMY,litter,1,0,100
LBS,25.6,KOMY,litter,1,0.81,9.22
LBS,25.6,PIEL,root,0.1,0,100
LBS,25.6,PIEL,root,0.1,0.23,95.93
LBS,25.6,PIEL,root,0.1,0.62,70.63
LBS,25.6,PIEL,root,0.1,0.81,65.64
LBS,25.6,PIEL,root,0.1,1.15,55.6
LBS,25.6,PIEL,root,0.1,1.4,50.68
LBS,25.6,PIEL,root,0.1,2.09,39.6
LBS,25.6,PIEL,root,0.1,2.65,31.4
LBS,25.6,PIEL,root,0.1,3.23,33.07
LBS,25.6,PIEL,root,0.1,3.74,28.92
LBS,25.6,PIEL,root,0.1,4.4,23.47
LBS,25.6,PIEL,litter,1,0,100
LBS,25.6,PIEL,litter,1,3.23,66.27
LBS,25.6,PIEL,litter,1,4.4,26.72
LBS,25.6,PIRE,litter,1,0,100
LBS,25.6,PIRE,litter,1,0.23,93.07
LBS,25.6,PIRE,litter,1,0.62,61.8
LBS,25.6,PIRE,litter,1,0.81,65.98
LBS,25.6,PIRE,litter,1,1.15,NA
LBS,25.6,PIRE,litter,1,1.4,54.19
LBS,25.6,PIRE,litter,1,2.09,48.59
LBS,25.6,PIRE,litter,1,2.65,26.98
LBS,25.6,PIRE,litter,1,3.23,42.06
LBS,25.6,PIRE,litter,1,3.74,21.1
LBS,25.6,PIRE,litter,1,4.4,11.8
LBS,25.6,POTR,litter,1,0,100
LBS,25.6,POTR,litter,1,1.4,27.85
LBS,25.6,QUPR,litter,1,0,100
LBS,25.6,QUPR,litter,1,0.23,60.23
LBS,25.6,QUPR,litter,1,0.62,32.94
LBS,25.6,QUPR,litter,1,0.81,27.18
LBS,25.6,QUPR,litter,1,1.15,NA
LBS,25.6,QUPR,litter,1,1.4,36.67
LBS,25.6,QUPR,litter,1,2.09,11.6
LBS,25.6,QUPR,litter,1,2.65,37.7
LBS,25.6,QUPR,litter,1,3.23,31.26
LBS,25.6,QUPR,litter,1,3.74,15.33
LBS,25.6,QUPR,litter,1,4.4,18.35
LBS,25.6,RHMA,litter,1,0,100
LBS,25.6,RHMA,litter,1,2.65,11.5
LBS,25.6,SPAL,litter,1,0,100
LBS,25.6,SPAL,litter,1,0.23,66.12
LBS,25.6,SPAL,litter,1,2.09,32.97
LBS,25.6,THPL,litter,1,0,100
LBS,25.6,THPL,litter,1,0.23,82.51
LBS,25.6,THPL,litter,1,0.62,52.18
LBS,25.6,THPL,litter,1,0.81,34.59
LBS,25.6,THPL,litter,1,1.15,38.45
LBS,25.6,THPL,litter,1,1.4,42.7
LBS,25.6,THPL,litter,1,2.09,43.45
LBS,25.6,THPL,litter,1,2.65,31.98
LBS,25.6,THPL,litter,1,3.23,18.36
LBS,25.6,THPL,litter,1,3.74,32.31
LBS,25.6,THPL,litter,1,4.4,15.36
LBS,25.6,TRAE,litter,1,0,100
LBS,25.6,TRAE,litter,1,0.23,66.83
LBS,25.6,TRAE,litter,1,0.62,24.29
LBS,25.6,TRAE,litter,1,0.81,24.83
LBS,25.6,TRAE,litter,1,1.15,NA
LBS,25.6,TRAE,litter,1,1.4,16.44
LBS,25.6,TRAE,litter,1,2.09,19.38
LBS,25.6,TRAE,litter,1,2.65,19.7
LBS,25.6,TRAE,litter,1,3.23,15.64
LBS,25.6,TRAE,litter,1,3.74,16.2
LBS,25.6,VOFE,litter,1,0,100
LBS,25.6,VOFE,litter,1,1.15,58.23
LUQ,22.1,ACSA,litter,1,0,100
LUQ,22.1,ACSA,litter,1,0.32,47.95
LUQ,22.1,ACSA,litter,1,0.66,45.73
LUQ,22.1,ACSA,litter,1,0.76,54.03
LUQ,22.1,ACSA,litter,1,1,24.73
LUQ,22.1,ACSA,litter,1,1.24,30.48
LUQ,22.1,ACSA,litter,1,1.49,26.76
LUQ,22.1,ACSA,litter,1,1.75,9.09
LUQ,22.1,ACSA,litter,1,2.03,5.09
LUQ,22.1,ACSA,litter,1,2.26,6.41
LUQ,22.1,ACSA,litter,1,2.59,15.97
LUQ,22.1,ACSA,litter,7,0,100
LUQ,22.1,ACSA,litter,7,0.32,56.35
LUQ,22.1,ACSA,litter,7,0.66,46.45
LUQ,22.1,AMBR,litter,1,0,100
LUQ,22.1,AMBR,litter,1,0.76,27.8
LUQ,22.1,AMBR,litter,1,2.26,3.3
LUQ,22.1,ANGE,root,0.1,0,100
LUQ,22.1,ANGE,root,0.1,0.32,38.97
LUQ,22.1,ANGE,root,0.1,0.66,32.95
LUQ,22.1,ANGE,root,0.1,0.76,37.13
LUQ,22.1,ANGE,root,0.1,1,28.88
LUQ,22.1,ANGE,root,0.1,1.24,18.77
LUQ,22.1,ANGE,root,0.1,1.49,8.27
LUQ,22.1,ANGE,root,0.1,1.75,5.26
LUQ,22.1,ANGE,root,0.1,2.03,4.27
LUQ,22.1,ANGE,root,0.1,2.26,3.32
LUQ,22.1,ANGE,root,0.1,2.59,9.39
LUQ,22.1,ANGE,litter,1,0,100
LUQ,22.1,ANGE,litter,1,1.75,6.05
LUQ,22.1,ANSC,litter,1,0,100
LUQ,22.1,ANSC,litter,1,2.03,8.87
LUQ,22.1,ANSC,litter,1,2.59,15.55
LUQ,22.1,BELU,litter,1,0,100
LUQ,22.1,BELU,litter,1,0.32,56.39
LUQ,22.1,DRGL,root,0.1,0,100
LUQ,22.1,DRGL,root,0.1,0.32,66.17
LUQ,22.1,DRGL,root,0.1,0.66,65.08
LUQ,22.1,DRGL,root,0.1,0.76,62.9
LUQ,22.1,DRGL,root,0.1,1,32.91
LUQ,22.1,DRGL,root,0.1,1.24,35.79
LUQ,22.1,DRGL,root,0.1,1.49,26.64
LUQ,22.1,DRGL,root,0.1,1.75,19.14
LUQ,22.1,DRGL,root,0.1,2.03,9.18
LUQ,22.1,DRGL,root,0.1,2.26,9.63
LUQ,22.1,DRGL,root,0.1,2.59,17.93
LUQ,22.1,DRGL,litter,1,0,100
LUQ,22.1,DRGL,litter,1,0.32,25.57
LUQ,22.1,DRGL,litter,1,0.66,19.69
LUQ,22.1,DRGL,litter,1,0.76,26.03
LUQ,22.1,DRGL,litter,1,1,8.38
LUQ,22.1,DRGL,litter,1,1.24,6
LUQ,22.1,DRGL,litter,1,1.49,4.32
LUQ,22.1,DRGL,litter,1,1.75,1.65
LUQ,22.1,DRGL,litter,1,2.03,2.18
LUQ,22.1,DRGL,litter,1,2.26,1.62
LUQ,22.1,DRGL,litter,1,2.59,7.16
LUQ,22.1,KOMY,litter,1,0,100
LUQ,22.1,KOMY,litter,1,1.49,3.42
LUQ,22.1,LATR,litter,1,0,100
LUQ,22.1,LATR,litter,1,0.66,25.1
LUQ,22.1,LITU,litter,1,0,100
LUQ,22.1,LITU,litter,1,1.24,17.45
LUQ,22.1,PIEL,root,0.1,0,100
LUQ,22.1,PIEL,root,0.1,0.32,82.57
LUQ,22.1,PIEL,root,0.1,0.66,80.64
LUQ,22.1,PIEL,root,0.1,0.76,65.86
LUQ,22.1,PIEL,root,0.1,1,55.02
LUQ,22.1,PIEL,root,0.1,1.24,62.13
LUQ,22.1,PIEL,root,0.1,1.49,61.59
LUQ,22.1,PIEL,root,0.1,1.75,37.84
LUQ,22.1,PIEL,root,0.1,2.03,20.27
LUQ,22.1,PIEL,root,0.1,2.26,24.42
LUQ,22.1,PIEL,root,0.1,2.59,40.28
LUQ,22.1,PIEL,litter,1,0,100
LUQ,22.1,PIEL,litter,1,1,61.65
LUQ,22.1,PIRE,litter,1,0,100
LUQ,22.1,PIRE,litter,1,0.32,79.76
LUQ,22.1,PIRE,litter,1,0.66,71.46
LUQ,22.1,PIRE,litter,1,0.76,72.99
LUQ,22.1,PIRE,litter,1,1,51.38
LUQ,22.1,PIRE,litter,1,1.24,37.49
LUQ,22.1,PIRE,litter,1,1.49,35.08
LUQ,22.1,PIRE,litter,1,1.75,32.4
LUQ,22.1,PIRE,litter,1,2.03,23.98
LUQ,22.1,PIRE,litter,1,2.26,25.02
LUQ,22.1,PIRE,litter,1,2.59,28.34
LUQ,22.1,QUPR,litter,1,0,100
LUQ,22.1,QUPR,litter,1,0.32,52.14
LUQ,22.1,QUPR,litter,1,0.66,45.52
LUQ,22.1,QUPR,litter,1,0.76,51.29
LUQ,22.1,QUPR,litter,1,1,25.71
LUQ,22.1,QUPR,litter,1,1.24,19.69
LUQ,22.1,QUPR,litter,1,1.49,22.01
LUQ,22.1,QUPR,litter,1,1.75,12.87
LUQ,22.1,QUPR,litter,1,2.03,10.23
LUQ,22.1,QUPR,litter,1,2.26,4.17
LUQ,22.1,QUPR,litter,1,2.59,12.11
LUQ,22.1,RHMA,litter,1,0,100
LUQ,22.1,RHMA,litter,1,0.32,63.16
LUQ,22.1,RHMA,litter,1,0.66,54.59
LUQ,22.1,RHMA,litter,7,0,100
LUQ,22.1,RHMA,litter,7,0.32,69.58
LUQ,22.1,RHMA,litter,7,0.66,45.5
LUQ,22.1,THPL,litter,1,0,100
LUQ,22.1,THPL,litter,1,0.32,67.44
LUQ,22.1,THPL,litter,1,0.66,59.98
LUQ,22.1,THPL,litter,1,0.76,55.72
LUQ,22.1,THPL,litter,1,1,37.56
LUQ,22.1,THPL,litter,1,1.24,25.31
LUQ,22.1,THPL,litter,1,1.49,23.91
LUQ,22.1,THPL,litter,1,1.75,9.69
LUQ,22.1,THPL,litter,1,2.03,9.23
LUQ,22.1,THPL,litter,1,2.26,6.53
LUQ,22.1,THPL,litter,1,2.59,22.1
LUQ,22.1,TRAE,litter,1,0,100
LUQ,22.1,TRAE,litter,1,0.32,48.3
LUQ,22.1,TRAE,litter,1,0.66,34.68
LUQ,22.1,TRAE,litter,1,0.76,29.73
LUQ,22.1,TRAE,litter,1,1,22.31
LUQ,22.1,TRAE,litter,1,1.24,10.53
LUQ,22.1,TRAE,litter,1,1.49,9.91
LUQ,22.1,TRAE,litter,1,1.75,5.5
LUQ,22.1,TRAE,litter,1,2.03,2.79
LUQ,22.1,TRAE,litter,1,2.26,1.02
LUQ,22.1,TRAE,litter,1,2.59,9.58
LUQ,22.1,TRAE,litter,7,0,100
LUQ,22.1,TRAE,litter,7,0.32,48.69
LUQ,22.1,TRAE,litter,7,0.66,45.1
MTV,17.6,ABCO,litter,1,0,100
MTV,17.6,ABCO,litter,1,2.51,36.17
MTV,17.6,ABCO,litter,1,3.71,24.22
MTV,17.6,ABLA,litter,1,0,100
MTV,17.6,ABLA,litter,1,5.4,19.63
MTV,17.6,ACSA,litter,1,0,100
MTV,17.6,ACSA,litter,1,0.5,51.84
MTV,17.6,ACSA,litter,1,1.02,36.29
MTV,17.6,ACSA,litter,1,1.51,31.13
MTV,17.6,ACSA,litter,1,2.03,27.93
MTV,17.6,ACSA,litter,1,2.81,28.77
MTV,17.6,ACSA,litter,1,3.71,28.15
MTV,17.6,ACSA,litter,1,4.13,19.28
MTV,17.6,ACSA,litter,1,4.62,11.43
MTV,17.6,ACSA,litter,1,5.4,16.25
MTV,17.6,ANGE,root,0.1,0,100
MTV,17.6,ANGE,root,0.1,0.5,65.28
MTV,17.6,ANGE,root,0.1,1.02,49.81
MTV,17.6,ANGE,root,0.1,1.51,29.83
MTV,17.6,ANGE,root,0.1,2.03,18.94
MTV,17.6,ANGE,root,0.1,3.71,10.77
MTV,17.6,ANGE,root,0.1,4.62,8.1
MTV,17.6,BOGR,litter,1,0,100
MTV,17.6,BOGR,litter,1,4.13,13.37
MTV,17.6,CEGR,litter,1,0,100
MTV,17.6,CEGR,litter,1,4.62,16.46
MTV,17.6,DRGL,root,0.1,0,100
MTV,17.6,DRGL,root,0.1,0.5,68.01
MTV,17.6,DRGL,root,0.1,1.02,51.9
MTV,17.6,DRGL,root,0.1,1.51,41.78
MTV,17.6,DRGL,root,0.1,2.03,28.25
MTV,17.6,DRGL,root,0.1,2.51,20.36
MTV,17.6,DRGL,root,0.1,3.71,15.27
MTV,17.6,DRGL,root,0.1,4.13,15.31
MTV,17.6,DRGL,root,0.1,4.62,7.65
MTV,17.6,DRGL,root,0.1,5.4,8.06
MTV,17.6,DRGL,litter,1,0,100
MTV,17.6,DRGL,litter,1,0.5,33.9
MTV,17.6,DRGL,litter,1,1.02,18.03
MTV,17.6,DRGL,litter,1,1.51,25.64
MTV,17.6,DRGL,litter,1,2.03,16.82
MTV,17.6,DRGL,litter,1,2.51,14.97
MTV,17.6,DRGL,litter,1,3.71,14.51
MTV,17.6,DRGL,litter,1,4.13,10.36
MTV,17.6,DRGL,litter,1,4.62,7.72
MTV,17.6,DRGL,litter,1,5.4,9.24
MTV,17.6,FAGR,litter,1,0,100
MTV,17.6,FAGR,litter,1,1.51,50.28
MTV,17.6,LATR,litter,1,0,100
MTV,17.6,LATR,litter,1,2.03,20.1
MTV,17.6,PIEL,root,0.1,NA,NA
MTV,17.6,PIEL,litter,1,0,100
MTV,17.6,PIEL,litter,1,0.5,90.26
MTV,17.6,PIEL,litter,1,1.02,83.75
MTV,17.6,PIEL,litter,1,1.51,72.17
MTV,17.6,PIEL,litter,1,2.03,61.8
MTV,17.6,PIEL,litter,1,2.51,62.59
MTV,17.6,PIEL,litter,1,3.71,47.62
MTV,17.6,PIEL,litter,1,4.13,45.57
MTV,17.6,PIEL,litter,1,4.62,27.44
MTV,17.6,PIEL,litter,1,5.4,35.6
MTV,17.6,PIRE,root,0.1,0,100
MTV,17.6,PIRE,root,0.1,0.5,83.44
MTV,17.6,PIRE,root,0.1,1.02,69.93
MTV,17.6,PIRE,root,0.1,2.03,51.94
MTV,17.6,PIRE,root,0.1,3.71,30.43
MTV,17.6,PIRE,root,0.1,4.62,18.31
MTV,17.6,QUPR,litter,1,0,100
MTV,17.6,QUPR,litter,1,0.5,66.66
MTV,17.6,QUPR,litter,1,1.02,45.63
MTV,17.6,QUPR,litter,1,1.51,45.09
MTV,17.6,QUPR,litter,1,2.03,36.12
MTV,17.6,QUPR,litter,1,2.51,34.01
MTV,17.6,QUPR,litter,1,3.71,29.07
MTV,17.6,QUPR,litter,1,4.13,28.08
MTV,17.6,QUPR,litter,1,4.62,6.97
MTV,17.6,QUPR,litter,1,5.4,17.2
MTV,17.6,RHMA,litter,1,0,100
MTV,17.6,RHMA,litter,1,0.5,68.72
MTV,17.6,SPAL,litter,1,0,100
MTV,17.6,SPAL,litter,1,1.02,31.37
MTV,17.6,THPL,litter,1,0,100
MTV,17.6,THPL,litter,1,0.5,72.71
MTV,17.6,THPL,litter,1,1.02,56.6
MTV,17.6,THPL,litter,1,1.51,45.17
MTV,17.6,THPL,litter,1,2.03,37.96
MTV,17.6,THPL,litter,1,2.51,41.61
MTV,17.6,THPL,litter,1,3.71,41.35
MTV,17.6,THPL,litter,1,4.13,25.6
MTV,17.6,THPL,litter,1,4.62,13.46
MTV,17.6,THPL,litter,1,5.4,27.21
MTV,17.6,TRAE,litter,1,0,100
MTV,17.6,TRAE,litter,1,0.5,42.7
MTV,17.6,TRAE,litter,1,1.02,34.53
MTV,17.6,TRAE,litter,1,1.51,26.54
MTV,17.6,TRAE,litter,1,2.03,15.71
MTV,17.6,TRAE,litter,1,2.51,26.61
MTV,17.6,TRAE,litter,1,3.71,21.81
MTV,17.6,TRAE,litter,1,4.13,16.25
MTV,17.6,TRAE,litter,1,4.62,7.18
MTV,17.6,TRAE,litter,1,5.4,10.65
BCI,25.6,ACSA,litter,1,0,100
BCI,25.6,ACSA,litter,1,0.28,87.04
BCI,25.6,ACSA,litter,1,0.51,44.03
BCI,25.6,ACSA,litter,1,0.77,24.71
BCI,25.6,ACSA,litter,1,1.01,21.74
BCI,25.6,ACSA,litter,1,1.28,22.91
BCI,25.6,ACSA,litter,1,1.86,6.92
BCI,25.6,ANGE,root,0.1,0,100
BCI,25.6,ANGE,root,0.1,0.28,68.43
BCI,25.6,ANGE,root,0.1,0.51,39.04
BCI,25.6,ANGE,root,0.1,0.77,40.07
BCI,25.6,ANGE,root,0.1,1.01,28.51
BCI,25.6,ANGE,root,0.1,1.86,12.58
BCI,25.6,ANGE,root,1,0,100
BCI,25.6,ANGE,root,1,1.82,NA
BCI,25.6,BOGR,litter,1,0,100
BCI,25.6,BOGR,litter,1,0.28,70.79
BCI,25.6,BOGR,litter,1,1.28,14.33
BCI,25.6,CEGR,litter,1,0,100
BCI,25.6,CEGR,litter,1,1.86,5.89
BCI,25.6,DRGL,root,0.1,0,100
BCI,25.6,DRGL,root,0.1,0.28,68.71
BCI,25.6,DRGL,root,0.1,0.51,47.57
BCI,25.6,DRGL,root,0.1,0.77,39.88
BCI,25.6,DRGL,root,0.1,1.01,28.16
BCI,25.6,DRGL,root,0.1,1.28,20.97
BCI,25.6,DRGL,root,0.1,1.86,17.52
BCI,25.6,DRGL,litter,1,0,100
BCI,25.6,DRGL,litter,1,0.28,73.27
BCI,25.6,DRGL,litter,1,0.51,14.2
BCI,25.6,DRGL,litter,1,0.77,7.71
BCI,25.6,DRGL,litter,1,1.01,2.88
BCI,25.6,DRGL,litter,1,1.28,NA
BCI,25.6,DRGL,litter,1,1.86,NA
BCI,25.6,FAGR,litter,1,0,100
BCI,25.6,FAGR,litter,1,0.51,46.25
BCI,25.6,LATR,litter,1,0,100
BCI,25.6,LATR,litter,1,1.01,6.85
BCI,25.6,PIEL,root,0.1,0,100
BCI,25.6,PIEL,root,0.1,0.28,76.6
BCI,25.6,PIEL,root,0.1,0.51,67.27
BCI,25.6,PIEL,root,0.1,1.01,65.99
BCI,25.6,PIEL,root,0.1,1.86,55.66
BCI,25.6,PIEL,litter,1,0,100
BCI,25.6,PIEL,litter,1,0.28,99.07
BCI,25.6,PIEL,litter,1,0.51,76.68
BCI,25.6,PIEL,litter,1,0.77,76.21
BCI,25.6,PIEL,litter,1,1.01,57.96
BCI,25.6,PIEL,litter,1,1.28,53.93
BCI,25.6,PIEL,litter,1,1.86,46.35
BCI,25.6,QUPR,litter,1,0,100
BCI,25.6,QUPR,litter,1,0.28,95.02
BCI,25.6,QUPR,litter,1,0.51,48.18
BCI,25.6,QUPR,litter,1,0.77,31.9
BCI,25.6,QUPR,litter,1,1.01,29.09
BCI,25.6,QUPR,litter,1,1.28,22.07
BCI,25.6,QUPR,litter,1,1.86,9.09
BCI,25.6,THPL,litter,1,0,100
BCI,25.6,THPL,litter,1,0.28,92.82
BCI,25.6,THPL,litter,1,0.51,60.83
BCI,25.6,THPL,litter,1,0.77,53.66
BCI,25.6,THPL,litter,1,1.01,29.64
BCI,25.6,THPL,litter,1,1.28,31.7
BCI,25.6,THPL,litter,1,1.86,15.83
BCI,25.6,TRAE,litter,1,0,100
BCI,25.6,TRAE,litter,1,0.28,89.13
BCI,25.6,TRAE,litter,1,0.51,27.56
BCI,25.6,TRAE,litter,1,0.77,27.25
BCI,25.6,TRAE,litter,1,1.01,12.47
BCI,25.6,TRAE,litter,1,1.28,16.09
BCI,25.6,TRAE,litter,1,1.86,8.38
SMR,NA,ACSA,litter,1,0,100
SMR,NA,ACSA,litter,1,0.98,84
SMR,NA,ACSA,litter,1,1.99,79
SMR,NA,ACSA,litter,1,3,72.41
SMR,NA,ACSA,litter,1,4,NA
SMR,NA,ACSA,litter,1,5,70.34
SMR,NA,ACSA,litter,1,6.02,66
SMR,NA,ACSA,litter,1,7.07,43.87
SMR,NA,ACSA,litter,1,9.07,NA
SMR,NA,ACSA,litter,1,9.98,63.6
SMR,NA,ANGE,root,0.1,0,100
SMR,NA,ANGE,root,0.1,0.98,55.58
SMR,NA,ANGE,root,0.1,1.99,49.92
SMR,NA,ANGE,root,0.1,3,36.19
SMR,NA,ANGE,root,0.1,4,42.83
SMR,NA,ANGE,root,0.1,5,44.29
SMR,NA,ANGE,root,0.1,6.02,20.85
SMR,NA,ANGE,root,0.1,7.07,36.04
SMR,NA,ANGE,root,0.1,9.07,8.75
SMR,NA,ANGE,root,0.1,9.98,9.42
SMR,NA,ANSC,litter,1,0,100
SMR,NA,ANSC,litter,1,7.07,55.84
SMR,NA,CEGR,litter,1,0,100
SMR,NA,CEGR,litter,1,4,71.76
SMR,NA,CONU,litter,1,0,100
SMR,NA,CONU,litter,1,9.07,NA
SMR,NA,DRGL,root,0.1,0,100
SMR,NA,DRGL,root,0.1,0.98,67.62
SMR,NA,DRGL,root,0.1,1.99,65.45
SMR,NA,DRGL,root,0.1,3,57.28
SMR,NA,DRGL,root,0.1,4,41.83
SMR,NA,DRGL,root,0.1,5,38.77
SMR,NA,DRGL,root,0.1,6.02,34.04
SMR,NA,DRGL,root,0.1,7.07,30.17
SMR,NA,DRGL,root,0.1,9.07,29.61
SMR,NA,DRGL,root,0.1,9.98,15.76
SMR,NA,DRGL,litter,1,0,100
SMR,NA,DRGL,litter,1,0.98,80.68
SMR,NA,DRGL,litter,1,1.99,71.88
SMR,NA,DRGL,litter,1,3,61.6
SMR,NA,DRGL,litter,1,4,49.4
SMR,NA,DRGL,litter,1,6.02,27.1
SMR,NA,DRGL,litter,1,7.07,32.87
SMR,NA,DRGL,litter,1,9.07,52.38
SMR,NA,DRGL,litter,1,9.98,30.83
SMR,NA,FAGR,litter,1,0,100
SMR,NA,FAGR,litter,1,9.98,79.24
SMR,NA,PIEL,root,0.1,0,100
SMR,NA,PIEL,root,0.1,0.98,80.65
SMR,NA,PIEL,root,0.1,1.99,75.84
SMR,NA,PIEL,root,0.1,3,79.09
SMR,NA,PIEL,root,0.1,4,59.63
SMR,NA,PIEL,root,0.1,5,77.28
SMR,NA,PIEL,root,0.1,6.02,50.38
SMR,NA,PIEL,root,0.1,7.07,63.16
SMR,NA,PIEL,root,0.1,9.07,43.11
SMR,NA,PIEL,root,0.1,9.98,32.41
SMR,NA,PIRE,litter,1,0,100
SMR,NA,PIRE,litter,1,0.98,95.11
SMR,NA,PIRE,litter,1,1.99,87.62
SMR,NA,PIRE,litter,1,3,85.31
SMR,NA,PIRE,litter,1,7.07,48.53
SMR,NA,PIRE,litter,1,9.07,NA
SMR,NA,PIST,litter,1,0,100
SMR,NA,PIST,litter,1,1.99,85.73
SMR,NA,POTR,litter,1,0,100
SMR,NA,POTR,litter,1,0.98,86.49
SMR,NA,QUPR,litter,1,0,100
SMR,NA,QUPR,litter,1,0.98,96.68
SMR,NA,QUPR,litter,1,1.99,89.03
SMR,NA,QUPR,litter,1,3,89.28
SMR,NA,QUPR,litter,1,4,82.95
SMR,NA,QUPR,litter,1,6.02,71.75
SMR,NA,QUPR,litter,1,7.07,49.25
SMR,NA,QUPR,litter,1,9.07,NA
SMR,NA,QUPR,litter,1,9.98,NA
SMR,NA,ROPS,litter,1,0,100
SMR,NA,ROPS,litter,1,3,79.04
SMR,NA,THPL,litter,1,0,100
SMR,NA,THPL,litter,1,0.98,91.89
SMR,NA,THPL,litter,1,1.99,90.22
SMR,NA,THPL,litter,1,3,87.74
SMR,NA,THPL,litter,1,4,72.56
SMR,NA,THPL,litter,1,6.02,65.73
SMR,NA,THPL,litter,1,7.07,61.46
SMR,NA,THPL,litter,1,9.07,51.06
SMR,NA,THPL,litter,1,9.98,50.87
SMR,NA,TRAE,litter,1,0,100
SMR,NA,TRAE,litter,1,0.98,85.81
SMR,NA,TRAE,litter,1,1.99,81.23
SMR,NA,TRAE,litter,1,3,70.05
SMR,NA,TRAE,litter,1,6.02,38.39
SMR,NA,TRAE,litter,1,7.07,32.51
SMR,NA,TRAE,litter,1,9.07,NA
SMR,NA,VOFE,litter,1,0,100
SMR,NA,VOFE,litter,1,6.02,84.4
