cohort_id,First_Author,Publication_Title,r.squared,adj.r.squared,sigma,statistic,p.value,df,logLik,AIC,BIC,deviance,df.residual,nobs
1,Abelho,Litter movement pathways across terrestrial-aquatic ecosystem boundaries affect litter colonization and decomposition in streams,0.986570922935528,0.9832136536694099,0.17382729153300044,NA,NA,NA,2.2116314627387097,-0.4232629254774194,-1.2043871006092188,0.12086370912679492,4,5
2,Abelho,Litter movement pathways across terrestrial-aquatic ecosystem boundaries affect litter colonization and decomposition in streams,0.9849332646816864,0.981166580852108,0.10039299929970516,NA,NA,NA,4.956480223493214,-5.912960446986428,-6.694084622118227,0.0403150172335624,4,5
3,Abril,Heterogeneity in leaf litter decomposition in a temporary Mediterranean stream during flow fragmentation,0.9901129652210214,0.9876412065262767,0.11368190546881063,NA,NA,NA,4.334921380485773,-4.669842760971546,-5.450966936103345,0.05169430252407838,4,5
10,Agoston-Szabo,"Mesh size and site effects on leaf litter decomposition in a side arm of the River Danube on the Gemenc floodplain (Danube-Drava National Park, Hungary)",0.9758731278245113,0.9678308370993484,0.1603675335696646,NA,NA,NA,2.220758064900481,-0.441516129800962,-1.6689274075611809,0.07715323746965251,3,4
13,Agoston-Szabo,"Mesh size and site effects on leaf litter decomposition in a side arm of the River Danube on the Gemenc floodplain (Danube-Drava National Park, Hungary)",0.9738301378275744,0.9651068504367659,0.049730844516447666,NA,NA,NA,6.9041297095558996,-9.808259419111799,-11.035670696872018,0.007419470688957279,3,4
14,Agoston-Szabo,"Mesh size and site effects on leaf litter decomposition in a side arm of the River Danube on the Gemenc floodplain (Danube-Drava National Park, Hungary)",0.9715843366384915,0.9621124488513221,0.10393988424290874,NA,NA,NA,3.955380344460592,-3.910760688921184,-5.138171966681403,0.032410498609287804,3,4
15,Agoston-Szabo,"Mesh size and site effects on leaf litter decomposition in a side arm of the River Danube on the Gemenc floodplain (Danube-Drava National Park, Hungary)",0.9679754072806125,0.9573005430408167,0.16715962704364998,NA,NA,NA,2.0548343022402915,-0.10966860448058302,-1.3370798822408019,0.08382702274011647,3,4
35,Au,Decomposition of Bauhinia purpurea leaf litter in a polluted and unpolluted Hong Kong waterway,0.9869313392745053,0.9847532291535894,0.1550833501548961,NA,NA,NA,3.6535055925826754,-3.3070111851653508,-3.4151908870547243,0.14430507297159667,6,7
36,Au,Decomposition of Bauhinia purpurea leaf litter in a polluted and unpolluted Hong Kong waterway,0.9626704237889956,0.9552045085467947,0.4879029152926544,NA,NA,NA,-3.660833506885674,11.321667013771348,10.905185952227459,1.1902462737553554,5,6
37,Au,Decomposition of Bauhinia purpurea leaf litter in a polluted and unpolluted Hong Kong waterway,0.9574294722696554,0.9503343843145979,0.21635082869572086,NA,NA,NA,1.3229355207589786,1.3541289584820428,1.2459492565926693,0.28084608646395093,6,7
39,Barlocher,Incubation temperature and substrate quality modulate sporulation by aquatic hyphomycetes,0.9706761953449345,0.9657888945690903,0.045530670259019954,NA,NA,NA,12.232541406341298,-20.465082812682596,-20.57326251457197,0.012438251605413625,6,7
40,Barlocher,Incubation temperature and substrate quality modulate sporulation by aquatic hyphomycetes,0.99945095417446,0.9993136927180749,0.01732355259663861,NA,NA,NA,13.741607620270887,-23.483215240541774,-24.264339415673575,0.0012004218982740171,4,5
51,Benstead,Macroinvertebrates and the Processing of Leaf Litter in a Tropical Stream,0.9661272537417642,0.9593527044901171,0.10882115638568052,NA,NA,NA,5.341630539490105,-6.683261078980211,-7.099742140524101,0.05921022038558367,5,6
52,Biasi,The colonisation of leaf litter by Chironomidae (Diptera): The influence of chemical quality and exposure duration in a subtropical stream,0.9735740120319034,0.9669675150398793,0.13450532313625468,NA,NA,NA,3.4939237297730426,-2.987847459546085,-3.7689716346778845,0.07236672780795317,4,5
53,Biasi,The colonisation of leaf litter by Chironomidae (Diptera): The influence of chemical quality and exposure duration in a subtropical stream,0.9737257248403831,0.9671571560504789,0.052356307246567764,NA,NA,NA,8.21158054555262,-12.42316109110524,-13.204285266237038,0.010964731633988017,4,5
54,Cheever,The relative importance of exogenous and substrate-derived nitrogen for microbial growth during leaf decomposition,0.9600112223179794,0.9520134667815753,0.04002195854459051,NA,NA,NA,11.34329554242687,-18.68659108485374,-19.103072146397633,0.008008785828724607,5,6
55,Cheever,The relative importance of exogenous and substrate-derived nitrogen for microbial growth during leaf decomposition,0.9755149827721339,0.9706179793265607,0.0458668252449551,NA,NA,NA,10.525412579842861,-17.050825159685722,-17.467306221229613,0.01051882829025625,5,6
59,Claeson,Impacts of invasive riparian knotweed litter decomposition aquatic fungi and macroinvertebrates,0.9810625480320079,0.9747500640426772,0.2548537849819288,NA,NA,NA,0.36787117409939674,3.2642576518012065,2.0368463740409877,0.19485135515884555,3,4
62,Claeson,Impacts of invasive riparian knotweed litter decomposition aquatic fungi and macroinvertebrates,0.9810625480320079,0.9747500640426772,0.2548537849819288,NA,NA,NA,0.36787117409939674,3.2642576518012065,2.0368463740409877,0.19485135515884555,3,4
65,Claeson,Impacts of invasive riparian knotweed litter decomposition aquatic fungi and macroinvertebrates,0.9810625480320079,0.9747500640426772,0.2548537849819288,NA,NA,NA,0.36787117409939674,3.2642576518012065,2.0368463740409877,0.19485135515884555,3,4
75,Dezzeo,Mass and nutrient loss of fresh plant biomass in a small black-water tributary of Caura river Venezuelan Guayana,0.9940686725493604,0.993409636165956,0.042915789702720523,NA,NA,NA,17.822571870507872,-31.645143741015744,-31.03997355502765,0.016575885052273198,9,10
77,Driebe,Cottonwood hybridization affects tannin and nitrogen content of leaf litter and alters decomposition,0.9646858883434116,0.9529145177912155,0.15407542262613322,NA,NA,NA,2.3808621686765643,-0.7617243373531286,-1.9891356151133475,0.0712177075722647,3,4
79,Driebe,Cottonwood hybridization affects tannin and nitrogen content of leaf litter and alters decomposition,0.9743526164945466,0.9658034886593955,0.17922026915750758,NA,NA,NA,1.7761687148840157,0.44766257023196854,-0.7797487075282503,0.09635971463066838,3,4
114,Ferreira,Eucalyptus plantations affect fungal communities associated with leaf-litter decomposition in Iberian streams,0.9834394223387449,0.9792992779234312,0.04922193014165685,NA,NA,NA,8.520246313299683,-13.040492626599367,-13.821616801731166,0.009691193627480589,4,5
115,Ferreira,Eucalyptus plantations affect fungal communities associated with leaf-litter decomposition in Iberian streams,0.9910474356350146,0.9892569227620176,0.05612843311795679,NA,NA,NA,9.314010065059422,-14.628020130118845,-15.044501191662736,0.01575200502138474,5,6
116,Ferreira,Eucalyptus plantations affect fungal communities associated with leaf-litter decomposition in Iberian streams,0.977578217560702,0.9730938610728423,0.0938286566726133,NA,NA,NA,6.231043239501515,-8.46208647900303,-8.878567540546921,0.044019084064935696,5,6
117,Ferreira,Eucalyptus plantations affect fungal communities associated with leaf-litter decomposition in Iberian streams,0.9852192493965654,0.9822630992758784,0.09452518853751556,NA,NA,NA,6.186667078926694,-8.373334157853389,-8.78981521939728,0.044675056340264314,5,6
118,Ferreira,Eucalyptus plantations affect fungal communities associated with leaf-litter decomposition in Iberian streams,0.9860344191130604,0.9832413029356726,0.04725469249425095,NA,NA,NA,10.346553378708995,-16.69310675741799,-17.10958781896188,0.011165029813631083,5,6
119,Ferreira,Eucalyptus plantations affect fungal communities associated with leaf-litter decomposition in Iberian streams,0.9978132718742272,0.9973759262490727,0.015832237122471705,NA,NA,NA,16.90757603141384,-29.81515206282768,-30.23163312437157,0.001253298661510856,5,6
132,Ferreiro,Phosphorus enrichment affects immobilization but not litter decomposition or exoenzymatic activites in a Pampean stream,0.9674028963408257,0.9627461672466578,0.18732633362564471,NA,NA,NA,2.5818419723991557,-1.1636839447983114,-1.00480086143864,0.24563808688738442,7,8
133,Ferreiro,Phosphorus enrichment affects immobilization but not litter decomposition or exoenzymatic activites in a Pampean stream,0.9751641988963898,0.9716162273101598,0.17004487507596372,NA,NA,NA,3.3561605507088546,-2.712321101417709,-2.5534380180580376,0.20240681677720074,7,8
134,Fleituch,Ash tree leaf litter (Fraxinus excelsior L.) breakdown in two different biotopes and streams,0.9886217093752383,0.9857771367190479,0.14409624733103887,NA,NA,NA,3.149535304422553,-2.2990706088451063,-3.0801947839769057,0.08305491397955171,4,5
135,Fleituch,Ash tree leaf litter (Fraxinus excelsior L.) breakdown in two different biotopes and streams,0.9645665907956485,0.9557082384945607,0.17077995069230778,NA,NA,NA,2.3000631583784066,-0.6001263167568132,-1.3812504918886126,0.11666316623386831,4,5
136,Fleituch,Ash tree leaf litter (Fraxinus excelsior L.) breakdown in two different biotopes and streams,0.9887216214520748,0.9859020268150934,0.06572377319137816,NA,NA,NA,7.07463908388176,-10.14927816776352,-10.930402342895318,0.017278457450046875,4,5
150,Gessner,Differences in processing dynamics of fresh and dried leaf litter in a stream ecosystem,0.989307214321548,0.9877796735103406,0.063622076002578,NA,NA,NA,11.220975400100473,-18.441950800200946,-18.283067716841273,0.02833437988414469,7,8
164,Grimmett,Tar-spot infection delays fungal colonization and decomposition of maple leaves,0.9987775446319682,0.9985738020706296,0.05794268212673678,NA,NA,NA,10.545064620784183,-17.090129241568366,-17.19830894345774,0.020144126472240374,6,7
165,Grimmett,Tar-spot infection delays fungal colonization and decomposition of maple leaves,0.9764711211313496,0.9725496413199078,0.25021756507413245,NA,NA,NA,0.30492900192478084,3.3901419961504384,3.281962294261065,0.3756529792297662,6,7
166,Grimmett,Tar-spot infection delays fungal colonization and decomposition of maple leaves,0.9789596162014526,0.9754528855683613,0.2961435347928768,NA,NA,NA,-0.8746651615839174,5.749330323167834,5.641150621278461,0.526205959197719,6,7
167,Gulis,Stimulation of leaf litter decomposition and associated fungi and invertebrates by moderate eutrophication: implications for stream assessment,0.9788576235912976,0.974629148309557,0.07464259509900113,NA,NA,NA,7.603597200194056,-11.207194400388111,-11.623675461932002,0.02785758501556714,5,6
168,Gulis,Stimulation of leaf litter decomposition and associated fungi and invertebrates by moderate eutrophication: implications for stream assessment,0.9894017481789139,0.9867521852236424,0.07979137185975631,NA,NA,NA,6.104865724413044,-8.209731448826089,-8.990855623957888,0.025466652093047645,4,5
169,Gulis,Stimulation of leaf litter decomposition and associated fungi and invertebrates by moderate eutrophication: implications for stream assessment,0.9954942933001472,0.9945931519601766,0.026298261858458453,NA,NA,NA,13.862848057240182,-23.725696114480364,-24.142177176024255,0.0034579928838802537,5,6
170,Gulis,Stimulation of leaf litter decomposition and associated fungi and invertebrates by moderate eutrophication: implications for stream assessment,0.9723811787314343,0.9654764734142929,0.13865696406067246,NA,NA,NA,3.341927615028924,-2.6838552300578478,-3.464979405189647,0.07690301473009045,4,5
171,Gulis,Stimulation of leaf litter decomposition and associated fungi and invertebrates by moderate eutrophication: implications for stream assessment,0.9921877857392072,0.990234732174009,0.039896380340463625,NA,NA,NA,9.570514599690119,-15.141029199380238,-15.922153374512037,0.006366884657083729,4,5
173,Gulis,Stimulation of leaf litter decomposition and associated fungi and invertebrates by moderate eutrophication: implications for stream assessment,0.9979654058418788,0.9975584870102545,0.022523492678017235,NA,NA,NA,14.792511843925293,-25.585023687850587,-26.001504749394478,0.00253653861208348,5,6
174,Gulis,Stimulation of leaf litter decomposition and associated fungi and invertebrates by moderate eutrophication: implications for stream assessment,0.9723926691779035,0.9654908364723793,0.2942245626732543,NA,NA,NA,-0.4197738647982058,4.839547729596411,4.058423554464612,0.34627237312107095,4,5
186,Kominoski,Does mixing litter of different qualities alter stream microbial diversity and functioning on individual litter species?,1,1,1.812986607347358e-16,NA,NA,NA,139.8851537847698,-275.7703075695396,-276.99771884729984,9.86076131526265e-32,3,4
187,Kominoski,Does mixing litter of different qualities alter stream microbial diversity and functioning on individual litter species?,1,1,1.812986607347358e-16,NA,NA,NA,139.8851537847698,-275.7703075695396,-276.99771884729984,9.86076131526265e-32,3,4
188,Kominoski,Does mixing litter of different qualities alter stream microbial diversity and functioning on individual litter species?,1,1,4.532466518368395e-17,NA,NA,NA,145.4303312292494,-286.8606624584988,-288.088073736259,6.162975822039156e-33,3,4
189,Kominoski,Does mixing litter of different qualities alter stream microbial diversity and functioning on individual litter species?,1,1,2.2662332591841976e-17,NA,NA,NA,148.20291995148918,-292.40583990297836,-293.63325118073857,1.540743955509789e-33,3,4
190,Kominoski,Does mixing litter of different qualities alter stream microbial diversity and functioning on individual litter species?,1,1,0,NA,NA,NA,Inf,-Inf,-Inf,0,3,4
191,Kominoski,Does mixing litter of different qualities alter stream microbial diversity and functioning on individual litter species?,1,1,1.812986607347358e-16,NA,NA,NA,139.8851537847698,-275.7703075695396,-276.99771884729984,9.86076131526265e-32,3,4
192,Kominoski,Does mixing litter of different qualities alter stream microbial diversity and functioning on individual litter species?,1,1,9.06493303673679e-17,NA,NA,NA,142.6577425070096,-281.3154850140192,-282.5428962917794,2.4651903288156624e-32,3,4
193,Kominoski,Does mixing litter of different qualities alter stream microbial diversity and functioning on individual litter species?,1,1,4.532466518368395e-17,NA,NA,NA,145.4303312292494,-286.8606624584988,-288.088073736259,6.162975822039156e-33,3,4
194,Kominoski,Does mixing litter of different qualities alter stream microbial diversity and functioning on individual litter species?,1,1,0,NA,NA,NA,Inf,-Inf,-Inf,0,3,4
195,Kominoski,Does mixing litter of different qualities alter stream microbial diversity and functioning on individual litter species?,1,1,4.532466518368395e-17,NA,NA,NA,145.4303312292494,-286.8606624584988,-288.088073736259,6.162975822039156e-33,3,4
257,Maltby,The effect of coal-mine effluent on fungal assemblages and leaf breakdown,0.9786396072595303,0.9715194763460403,0.14501257830673786,NA,NA,NA,2.623349185608237,-1.2466983712164739,-2.4741096489766927,0.06308594360150332,3,4
290,Martinez,Effects of flow scarcity on leaf-litter processing under oceanic climate conditions in calcareous streams,0.9895737559486981,0.9874885071384377,0.07002718938060398,NA,NA,NA,7.986563626905488,-11.973127253810976,-12.389608315354867,0.024519036262734877,5,6
291,Martinez,Effects of flow scarcity on leaf-litter processing under oceanic climate conditions in calcareous streams,0.9907268744634867,0.9888722493561841,0.05883091949680189,NA,NA,NA,9.031859794163145,-14.06371958832629,-14.48020064987018,0.017305385444195923,5,6
292,Martinez,Effects of flow scarcity on leaf-litter processing under oceanic climate conditions in calcareous streams,0.9919638622138641,0.9903566346566369,0.054443109047616574,NA,NA,NA,9.496927430421817,-14.993854860843634,-15.410335922387524,0.014820260613853348,5,6
293,Martinez,Effects of flow scarcity on leaf-litter processing under oceanic climate conditions in calcareous streams,0.9695681532423212,0.9634817838907854,0.183355031877638,NA,NA,NA,2.2113191155398626,-0.4226382310797252,-0.8391192926236153,0.1680953385742482,5,6
294,Martinez,Effects of flow scarcity on leaf-litter processing under oceanic climate conditions in calcareous streams,0.9855578522370331,0.9819473152962913,0.07676758922296971,NA,NA,NA,6.298029928401934,-8.596059856803867,-9.377184031935666,0.023573051020426464,4,5
295,Martinez,Effects of flow scarcity on leaf-litter processing under oceanic climate conditions in calcareous streams,0.9517409797076437,0.9396762246345547,0.22393808033420398,NA,NA,NA,0.9450946743599159,2.109810651280168,1.3286864761483688,0.2005930552950736,4,5
296,Martinez,In-stream litter decomposition along an altitudinal gradient: does substrate quality matter?,0.9984206237625984,0.997894165016798,0.009351501271565775,NA,NA,NA,13.588483551151684,-23.17696710230337,-24.404378380063587,2.623517280962889e-4,3,4
297,Martinez,In-stream litter decomposition along an altitudinal gradient: does substrate quality matter?,0.9965410349448924,0.9956762936811155,0.02061951352270828,NA,NA,NA,12.870753178106183,-21.741506356212366,-22.522630531344166,0.001700657351652598,4,5
298,Martinez,In-stream litter decomposition along an altitudinal gradient: does substrate quality matter?,0.9980406688465028,0.9975508360581284,0.012903298708752396,NA,NA,NA,15.214527644496918,-26.429055288993837,-27.210179464125638,6.659804702691649e-4,4,5
299,Martinez,In-stream litter decomposition along an altitudinal gradient: does substrate quality matter?,0.9992379915294852,0.9990474894118565,0.0036756647589362393,NA,NA,NA,21.4932725917122,-38.9865451834244,-39.7676693585562,5.4042045680343204e-5,4,5
300,Martinez,In-stream litter decomposition along an altitudinal gradient: does substrate quality matter?,0.9997276700699167,0.9996595875873959,0.0018641813134729183,NA,NA,NA,24.887832693626226,-45.77566538725245,-46.55678956238425,1.390068787800646e-5,4,5
301,Martinez,In-stream litter decomposition along an altitudinal gradient: does substrate quality matter?,0.9996816951724883,0.9996021189656104,0.001519244197284914,NA,NA,NA,25.910877744344262,-47.821755488688524,-48.602879663820325,9.23241172393553e-6,4,5
302,Martinez,In-stream litter decomposition along an altitudinal gradient: does substrate quality matter?,0.9917930586090344,0.989741323261293,0.04235635301072824,NA,NA,NA,9.271350497637457,-14.542700995274913,-15.323825170406712,0.007176242561477707,4,5
303,Martinez,In-stream litter decomposition along an altitudinal gradient: does substrate quality matter?,0.9870009705479794,0.9837512131849743,0.07389528641527333,NA,NA,NA,6.48869739399591,-8.97739478799182,-9.758518963123619,0.021842053417581116,4,5
304,Martinez,In-stream litter decomposition along an altitudinal gradient: does substrate quality matter?,0.999357482855706,0.9991968535696325,0.004343174305867008,NA,NA,NA,20.65891516894059,-37.31783033788118,-38.098954513012984,7.545265220457346e-5,4,5
305,Martinez,In-stream litter decomposition along an altitudinal gradient: does substrate quality matter?,0.9979381266199192,0.9974226582748991,0.010165456798022634,NA,NA,NA,16.40696568521986,-28.813931370439718,-29.59505554557152,4.133460476498584e-4,4,5
306,Martinez,In-stream litter decomposition along an altitudinal gradient: does substrate quality matter?,0.9995295739859811,0.9994119674824764,0.003196438158627577,NA,NA,NA,22.19175703493143,-40.38351406986286,-41.16463824499466,4.086886760772182e-5,4,5
307,Martinez,In-stream litter decomposition along an altitudinal gradient: does substrate quality matter?,0.9992379915294852,0.9990474894118565,0.0036756647589362393,NA,NA,NA,21.4932725917122,-38.9865451834244,-39.7676693585562,5.4042045680343204e-5,4,5
308,Martinez,In-stream litter decomposition along an altitudinal gradient: does substrate quality matter?,0.9922506481887271,0.9903133102359089,0.04003141882827338,NA,NA,NA,9.553619524672367,-15.107239049344734,-15.888363224476533,0.006410057973618563,4,5
309,Martinez,In-stream litter decomposition along an altitudinal gradient: does substrate quality matter?,0.982840946948246,0.9785511836853075,0.0963539453228241,NA,NA,NA,5.161800897943616,-6.323601795887232,-7.104725971019031,0.037136331117095106,4,5
310,Martinez,In-stream litter decomposition along an altitudinal gradient: does substrate quality matter?,0.9990282243399388,0.9987852804249234,0.006515353198534898,NA,NA,NA,18.63113549599161,-33.26227099198322,-34.04339516711502,1.697993092066357e-4,4,5
311,Martinez,In-stream litter decomposition along an altitudinal gradient: does substrate quality matter?,0.9973801346337846,0.9967251682922308,0.013018267220738886,NA,NA,NA,15.170174897378121,-26.340349794756243,-27.121473969888044,6.779011257222582e-4,4,5
312,Martinez,In-stream litter decomposition along an altitudinal gradient: does substrate quality matter?,0.9994478720259691,0.9993098400324614,0.003741963905610604,NA,NA,NA,21.40388969688647,-38.80777939377294,-39.58890356890474,5.600917548357025e-5,4,5
313,Martinez,In-stream litter decomposition along an altitudinal gradient: does substrate quality matter?,0.9993274568708211,0.9991593210885265,0.003238028703383902,NA,NA,NA,22.127119008386856,-40.25423801677371,-41.03536219190551,4.193931953575213e-5,4,5
333,Mathuriau,Breakdown of leaf litter in a neotropical stream,0.9711736963547658,0.9670556529768752,0.11964014239398528,NA,NA,NA,6.16875214513265,-8.3375042902653,-8.178621206905628,0.10019634570437151,7,8
335,Mehring,Leaf litter nutrient uptake in an intermittent blackwater river: influence of tree species and associated biotic and abiotic drivers,0.955965184477602,0.9412869126368028,0.1277597870861066,NA,NA,NA,3.130023778449974,-2.2600475568999476,-3.4874588346601665,0.04896768958886187,3,4
342,Menendez,Leaf litter breakdown in Mediterranean streams: effect of dissolved inorganic nutrients,0.9661429220239935,0.9593715064287922,0.20339067098227212,NA,NA,NA,1.5890934419343437,0.8218131161313127,0.4053320545874226,0.20683882521309432,5,6
343,Menendez,Leaf litter breakdown in Mediterranean streams: effect of dissolved inorganic nutrients,0.9837730345566038,0.9805276414679246,0.0552165024066482,NA,NA,NA,9.412293953567081,-14.824587907134163,-15.241068968678054,0.015244310690116933,5,6
344,Menendez,Leaf litter breakdown in Mediterranean streams: effect of dissolved inorganic nutrients,0.9539020127540769,0.9446824153048923,0.25790332521211523,NA,NA,NA,0.16435630772257448,3.671287384554851,3.254806323010961,0.3325706257773304,5,6
345,Menendez,Leaf litter breakdown in Mediterranean streams: effect of dissolved inorganic nutrients,0.9915616352684962,0.9898739623221954,0.05504868361389238,NA,NA,NA,9.430557443075054,-14.861114886150109,-15.277595947694,0.01515178783811212,5,6
359,Pastor,Stream carbon and nitrogen supplements during leaf litter decomposition: contrasting patterns for two foundation species,0.9713494120633555,0.9617992160844739,0.17472759291805454,NA,NA,NA,1.877718531022739,0.24456293795452222,-0.9828483398056966,0.09158919518081216,3,4
361,Peng,Temporal dynamics of phosphorus during aquatic and terrestrial litter decomposition in an alpine forest,1,1,1.1816665173785033e-10,NA,NA,NA,236.36405915824815,-468.7281183164963,-467.9323277708996,1.396335758293441e-19,10,11
363,Peng,Temporal dynamics of phosphorus during aquatic and terrestrial litter decomposition in an alpine forest,1,1,5.911039653280074e-11,NA,NA,NA,243.98363934366947,-483.96727868733893,-483.1714881417422,3.4940389782649425e-20,10,11
364,Peng,Temporal dynamics of phosphorus during aquatic and terrestrial litter decomposition in an alpine forest,1,1,3.65153061696075e-11,NA,NA,NA,249.28206768109135,-494.5641353621827,-493.76834481658597,1.3333675846601756e-20,10,11
365,Perez,Effects of fungal inocula and habitat conditions on alder and eucalyptus leaf litter decomposition in streams of northern Spain,0.984593176154733,0.9823922013196948,0.14225352299299854,NA,NA,NA,4.783772825460734,-5.567545650921469,-5.408662567561797,0.14165245362743692,7,8
366,Perez,Effects of fungal inocula and habitat conditions on alder and eucalyptus leaf litter decomposition in streams of northern Spain,0.9756417787677233,0.972162032877398,0.1578835004198108,NA,NA,NA,3.9498001611684987,-3.8996003223369975,-3.740717238977326,0.17449039793368679,7,8
367,Perez,Effects of fungal inocula and habitat conditions on alder and eucalyptus leaf litter decomposition in streams of northern Spain,0.9806906517955787,0.9779321734806613,0.03562032965821486,NA,NA,NA,15.861327275265458,-27.722654550530915,-27.563771467171243,0.008881655194719305,7,8
368,Perez,Effects of fungal inocula and habitat conditions on alder and eucalyptus leaf litter decomposition in streams of northern Spain,0.9589002813108094,0.9530288929266393,0.10369997944813451,NA,NA,NA,7.3126442003203564,-10.625288400640713,-10.46640531728104,0.07527580016280465,7,8
375,Quinn,"Influences of leaf toughness and nitrogen content on in-stream processing and nutrient uptake by litter in a Waikato, New Zealand, pasture stream and streamside channels",0.9718959236417027,0.9662751083700433,0.2070660254293175,NA,NA,NA,1.4816389100426246,1.0367221799147508,0.6202411183708607,0.21438169443547384,5,6
377,Quinn,"Influences of leaf toughness and nitrogen content on in-stream processing and nutrient uptake by litter in a Waikato, New Zealand, pasture stream and streamside channels",0.9763982107057532,0.9716778528469038,0.13633599060907037,NA,NA,NA,3.9891309958177255,-3.978261991635451,-4.394743053179341,0.09293751167678263,5,6
378,Quinn,"Influences of leaf toughness and nitrogen content on in-stream processing and nutrient uptake by litter in a Waikato, New Zealand, pasture stream and streamside channels",0.9951596843171142,0.9939496053963928,0.04900675464763758,NA,NA,NA,8.542151914362934,-13.084303828725869,-13.865428003857668,0.009606648004374992,4,5
379,Quinn,"Influences of leaf toughness and nitrogen content on in-stream processing and nutrient uptake by litter in a Waikato, New Zealand, pasture stream and streamside channels",0.9745164178556245,0.9694197014267494,0.14138788137007896,NA,NA,NA,3.7708228738868876,-3.5416457477737753,-3.9581268093176654,0.09995266499159762,5,6
380,Quinn,"Influences of leaf toughness and nitrogen content on in-stream processing and nutrient uptake by litter in a Waikato, New Zealand, pasture stream and streamside channels",0.9685635861891766,0.9622763034270119,0.08235337672012376,NA,NA,NA,7.0137483833816,-10.0274967667632,-10.44397782830709,0.033910393286033104,5,6
381,Quinn,"Influences of leaf toughness and nitrogen content on in-stream processing and nutrient uptake by litter in a Waikato, New Zealand, pasture stream and streamside channels",0.9696862502623175,0.963623500314781,0.0779435216868944,NA,NA,NA,7.343958244171892,-10.687916488343784,-11.104397549887675,0.03037596286477689,5,6
383,Raviraja,Breakdown of Introduced and Native Leaves in Two Indian Streams,0.9654608408386474,0.9597043143117553,0.1045347000976551,NA,NA,NA,6.414611077382437,-8.829222154764874,-8.937401856654247,0.06556502114704016,6,7
384,Raviraja,Breakdown of Introduced and Native Leaves in Two Indian Streams,0.9740710905854535,0.969749605683029,0.10402956902031767,NA,NA,NA,6.448518366200597,-8.897036732401194,-9.005216434290567,0.06493290738331822,6,7
385,Raviraja,Breakdown of Introduced and Native Leaves in Two Indian Streams,0.9643784673182244,0.9584415452045951,0.1053623218423811,NA,NA,NA,6.359408938893596,-8.718817877787192,-8.826997579676565,0.06660731318410498,6,7
386,Raviraja,Breakdown of Introduced and Native Leaves in Two Indian Streams,0.9750436379393415,0.970884244262565,0.10396649521251948,NA,NA,NA,6.452763799110585,-8.90552759822117,-9.013707300110543,0.06485419276064901,6,7
387,Raviraja,Breakdown of Introduced and Native Leaves in Two Indian Streams,0.9590593745442085,0.9522359369682433,0.11882031486027385,NA,NA,NA,5.517957850118794,-7.035915700237588,-7.144095402126961,0.08470960334096768,6,7
391,Richardson,Litter breakdown and invertebrate association with three types of leaves in a temperate rainforest stream,0.9570576157867917,0.9463220197334896,0.17434407996107443,NA,NA,NA,2.196788519007477,-0.39357703801495436,-1.1747012131467538,0.12158343286989406,4,5
392,Richardson,Litter breakdown and invertebrate association with three types of leaves in a temperate rainforest stream,0.9899804099903556,0.9874755124879445,0.054523871866931355,NA,NA,NA,8.00874949879669,-12.017498997593378,-12.798623172725177,0.011891410413446194,4,5
393,Richardson,Litter breakdown and invertebrate association with three types of leaves in a temperate rainforest stream,0.993086903916601,0.9913586298957513,0.03696081620971616,NA,NA,NA,9.952650956543543,-15.905301913087087,-16.686426088218887,0.005464407739553668,4,5
396,Richardson,Litter breakdown and invertebrate association with three types of leaves in a temperate rainforest stream,0.9676803468781491,0.9612164162537788,0.055283025002440166,NA,NA,NA,9.405069748498892,-14.810139496997785,-15.226620558541676,0.01528106426710212,5,6
422,Shaftel,"Breakdown rates, nutrient concentrations, and macroinvertebrate colonization of bluejoint grass litter in headwater streams of the Kenai Peninsula, Alaska",0.9877613708707231,0.984701713588404,0.01590846897737295,NA,NA,NA,14.167684569622072,-24.335369139244143,-25.116493314375944,0.00101231754081615,4,5
423,Shaftel,"Breakdown rates, nutrient concentrations, and macroinvertebrate colonization of bluejoint grass litter in headwater streams of the Kenai Peninsula, Alaska",0.9589028038636113,0.9486285048295141,0.04120214368846845,NA,NA,NA,9.409491175795813,-14.818982351591625,-15.600106526723424,0.006790466578100803,4,5
424,Shaftel,"Breakdown rates, nutrient concentrations, and macroinvertebrate colonization of bluejoint grass litter in headwater streams of the Kenai Peninsula, Alaska",0.9692418815926849,0.9615523519908561,0.03033506981101311,NA,NA,NA,10.940420293537162,-17.880840587074324,-18.661964762206125,0.003680865841756156,4,5
425,Shaftel,"Breakdown rates, nutrient concentrations, and macroinvertebrate colonization of bluejoint grass litter in headwater streams of the Kenai Peninsula, Alaska",0.978773110905746,0.9734663886321826,0.022662236478926668,NA,NA,NA,12.398442867442123,-20.796885734884246,-21.578009910016046,0.002054307848907178,4,5
426,Shaftel,"Breakdown rates, nutrient concentrations, and macroinvertebrate colonization of bluejoint grass litter in headwater streams of the Kenai Peninsula, Alaska",0.993495457215437,0.9918693215192962,0.016917241581213435,NA,NA,NA,13.86027603830951,-23.72055207661902,-24.50167625175082,0.0011447722508685474,4,5
427,Shaftel,"Breakdown rates, nutrient concentrations, and macroinvertebrate colonization of bluejoint grass litter in headwater streams of the Kenai Peninsula, Alaska",0.9914145762351497,0.9892682202939371,0.011415412914491921,NA,NA,NA,15.827120345667938,-27.654240691335875,-28.435364866467676,5.212466080333957e-4,4,5
428,Shieh,Leaf breakdown in a subtropical stream: nutrient release patterns,0.9894558107608048,0.9873469729129658,0.03455490157050675,NA,NA,NA,12.224568690737181,-20.449137381474362,-20.865618443018253,0.00597020611273705,5,6
429,Shieh,Leaf breakdown in a subtropical stream: nutrient release patterns,0.9991756452946488,0.9990107743535785,0.028423844608418937,NA,NA,NA,13.396494794311657,-22.792989588623314,-23.209470650167205,0.0040395747116177315,5,6
430,Shieh,Leaf breakdown in a subtropical stream: nutrient release patterns,0.9698740661828535,0.9638488794194242,0.1684505657842204,NA,NA,NA,2.7200111733659984,-1.4400223467319968,-1.856503408275887,0.14187796556511983,5,6
431,Sridhar,Fungal assemblage and leaf litter decomposition in riparian tree holes and in a coastal stream of the south-west India.,0.9964657581208586,0.9957589097450303,0.009334566891305063,NA,NA,NA,20.0775188668505,-36.155037733701,-36.57151879524489,4.356706952412434e-4,5,6
433,Stallcup,Does nitrogen become limiting under high-P conditions in detritus-based tropical streams?,0.9626663756444391,0.9573330007365018,0.35505542706353516,NA,NA,NA,-2.5335317421728556,9.067063484345711,9.225946567705382,0.8824504940108853,7,8
435,Stallcup,Does nitrogen become limiting under high-P conditions in detritus-based tropical streams?,0.9843829467316563,0.9821519391218929,0.1441455318017332,NA,NA,NA,4.678072122815643,-5.356144245631286,-5.197261162271615,0.14544554036883137,7,8
446,Tenkiano,Leaf litter decomposition in Guinean savannah streams,0.9721644674175203,0.9652055842719003,0.212734581119399,NA,NA,NA,1.201716153909267,1.5965676921814662,0.8154435170496668,0.18102400801618462,4,5
448,Tenkiano,Leaf litter decomposition in Guinean savannah streams,0.9971473440570442,0.9964341800713052,0.0969909193980308,NA,NA,NA,5.128855808832917,-6.257711617665834,-7.038835792797633,0.03762895378270122,4,5
449,Tenkiano,Leaf litter decomposition in Guinean savannah streams,0.9880090635396283,0.9850113294245353,0.09628260703212875,NA,NA,NA,5.165504156389864,-6.331008312779728,-7.112132487911527,0.03708136166761331,4,5
453,Yanai,"Effects of salmon carcasses on experimental stream ecosystems in Hokkaido, Japan",0.96630726224594,0.9550763496612533,0.0438760699402183,NA,NA,NA,7.405154857651278,-10.810309715302555,-12.037720993062774,0.005775328540196785,3,4
454,Yanai,"Effects of salmon carcasses on experimental stream ecosystems in Hokkaido, Japan",0.9727019569341826,0.9636026092455768,0.02932216671092703,NA,NA,NA,9.017256035918829,-14.034512071837657,-15.261923349597875,0.002579368381870192,3,4
